"","N1","N2","N3","N4","N5"
"1",3,4,2,2,3
"2",3,3,3,5,5
"3",4,5,4,2,3
"4",2,5,2,4,1
"5",2,3,4,4,3
"6",3,5,2,2,3
"7",1,2,2,1,1
"8",6,3,2,6,4
"9",5,5,2,3,3
"10",5,5,5,2,4
"11",3,3,4,2,3
"12",4,5,3,2,NA
"13",1,2,2,2,2
"14",1,1,1,2,1
"15",2,4,2,2,3
"16",4,5,4,5,5
"17",4,4,4,4,5
"18",6,5,5,4,4
"19",5,6,5,5,2
"20",5,5,5,1,1
"21",1,3,3,2,1
"22",2,5,5,4,6
"23",2,2,2,2,2
"24",4,4,4,6,6
"25",2,3,3,1,1
"26",2,3,1,2,1
"27",3,3,5,3,2
"28",4,4,5,2,3
"29",1,4,2,2,5
"30",5,4,4,3,1
"31",5,5,5,6,6
"32",3,2,4,1,2
"33",1,2,1,3,6
"34",2,2,4,1,3
"35",NA,2,1,2,2
"36",5,3,4,4,3
"37",2,2,2,4,1
"38",5,6,5,5,4
"39",1,1,1,1,1
"40",1,2,1,2,1
"41",2,2,3,3,3
"42",1,2,1,2,NA
"43",2,3,1,3,2
"44",2,2,3,4,5
"45",2,2,2,2,3
"46",2,1,4,6,5
"47",4,5,3,5,2
"48",3,4,2,2,4
"49",5,5,5,5,3
"50",4,4,1,1,1
"51",6,6,6,3,3
"52",1,1,1,6,5
"53",2,2,1,1,1
"54",6,5,5,5,6
"55",2,3,2,3,2
"56",2,4,4,5,3
"57",3,4,5,5,5
"58",5,5,5,3,2
"59",3,4,4,4,4
"60",1,2,1,4,1
"61",4,4,6,5,2
"62",4,5,4,5,5
"63",4,4,3,1,3
"64",3,5,3,1,3
"65",4,3,6,6,4
"66",1,1,1,NA,1
"67",2,5,5,4,2
"68",1,2,1,5,2
"69",1,2,2,4,2
"70",1,2,2,5,2
"71",2,3,3,1,3
"72",1,3,2,2,1
"73",5,5,4,3,5
"74",1,2,4,4,4
"75",2,1,2,2,3
"76",2,2,3,3,2
"77",2,4,2,1,1
"78",4,3,4,4,6
"79",4,2,2,2,4
"80",2,3,4,5,2
"81",3,3,3,4,3
"82",4,4,6,6,5
"83",3,5,4,6,4
"84",3,3,2,2,2
"85",2,4,5,6,6
"86",2,2,4,2,4
"87",3,3,2,2,2
"88",1,3,2,2,2
"89",2,3,2,2,2
"90",3,3,4,4,3
"91",1,1,1,4,1
"92",3,3,4,3,4
"93",2,3,6,4,6
"94",2,5,4,6,1
"95",4,5,2,3,6
"96",3,4,6,6,6
"97",3,5,4,4,4
"98",1,2,1,1,1
"99",4,5,6,6,6
"100",1,1,1,2,2
"101",NA,5,6,4,4
"102",4,4,2,2,4
"103",4,5,5,5,4
"104",2,1,3,3,1
"105",4,3,6,6,5
"106",4,5,4,3,4
"107",5,NA,5,4,3
"108",6,6,3,2,5
"109",5,6,2,4,6
"110",6,6,6,4,6
"111",2,3,2,3,4
"112",1,2,1,4,2
"113",1,1,1,2,2
"114",1,5,5,5,6
"115",2,2,2,2,2
"116",2,4,2,4,2
"117",1,2,2,4,1
"118",4,4,2,2,2
"119",4,4,3,2,3
"120",1,2,2,2,4
"121",4,3,1,3,4
"122",3,4,2,5,6
"123",5,4,4,3,1
"124",4,4,3,3,1
"125",1,2,2,4,2
"126",2,3,2,5,5
"127",4,4,2,2,2
"128",2,3,3,4,2
"129",2,4,4,4,2
"130",4,5,5,4,5
"131",4,5,3,5,4
"132",5,5,5,5,5
"133",3,3,3,4,4
"134",4,6,4,4,5
"135",6,6,4,5,6
"136",5,5,2,5,2
"137",4,4,1,NA,2
"138",4,6,2,1,2
"139",4,4,5,4,5
"140",4,4,4,3,3
"141",5,4,3,6,4
"142",6,6,4,4,6
"143",3,5,4,4,5
"144",2,2,2,2,1
"145",2,5,2,1,2
"146",1,1,1,4,3
"147",3,6,4,4,6
"148",3,3,3,4,3
"149",1,1,1,1,1
"150",5,2,4,4,2
"151",5,5,5,3,2
"152",1,1,1,2,4
"153",3,4,2,1,1
"154",3,4,2,2,1
"155",1,3,2,1,3
"156",3,3,5,4,3
"157",2,2,2,2,3
"158",2,4,5,4,5
"159",1,2,1,4,4
"160",6,6,2,3,4
"161",3,4,2,NA,1
"162",2,4,2,3,5
"163",4,3,2,4,2
"164",1,2,4,1,1
"165",2,2,4,3,4
"166",1,2,1,2,1
"167",1,1,2,2,1
"168",4,4,2,4,1
"169",4,5,5,4,2
"170",6,6,6,5,6
"171",5,4,2,2,4
"172",4,2,4,5,4
"173",3,3,3,3,4
"174",3,3,2,2,2
"175",1,2,2,2,3
"176",4,6,6,4,5
"177",1,2,2,2,3
"178",4,5,4,4,4
"179",5,5,3,2,3
"180",2,3,1,1,1
"181",5,5,5,4,4
"182",2,3,2,1,1
"183",2,3,2,3,2
"184",5,4,4,5,4
"185",4,4,5,4,4
"186",6,6,6,2,6
"187",1,2,1,1,2
"188",1,3,1,1,1
"189",5,5,5,6,3
"190",6,6,4,2,4
"191",2,3,2,3,2
"192",4,5,5,2,6
"193",2,2,4,4,3
"194",1,1,1,4,5
"195",4,4,4,3,4
"196",6,4,6,6,3
"197",5,4,1,2,2
"198",2,4,3,2,3
"199",1,1,2,1,1
"200",1,2,2,2,4
"201",1,3,1,2,5
"202",3,5,5,5,4
"203",3,5,3,3,4
"204",1,2,1,1,1
"205",1,2,4,2,1
"206",1,2,1,5,4
"207",4,4,4,3,2
"208",1,1,1,1,1
"209",3,4,4,2,3
"210",1,5,1,2,1
"211",2,2,2,1,2
"212",5,5,6,2,NA
"213",2,2,2,2,1
"214",6,6,6,6,3
"215",2,2,1,1,2
"216",4,5,1,2,3
"217",3,4,3,2,2
"218",5,6,6,1,1
"219",1,1,4,3,4
"220",1,4,4,4,2
"221",3,4,4,3,4
"222",1,1,1,6,1
"223",1,1,1,1,2
"224",2,2,2,2,4
"225",3,5,2,2,3
"226",2,5,5,4,4
"227",3,4,3,3,3
"228",4,5,2,2,1
"229",2,2,2,2,1
"230",2,3,2,2,1
"231",2,2,1,3,2
"232",2,3,2,2,4
"233",2,4,2,3,1
"234",1,3,3,2,4
"235",2,2,1,2,3
"236",5,5,4,4,4
"237",2,3,3,4,3
"238",1,2,4,4,4
"239",1,3,2,2,1
"240",3,5,3,3,1
"241",4,4,3,2,2
"242",1,1,1,1,1
"243",2,3,2,1,1
"244",1,2,2,1,1
"245",4,4,3,3,2
"246",4,5,2,2,2
"247",3,6,4,5,3
"248",2,2,2,3,2
"249",2,4,1,2,1
"250",3,4,2,2,1
"251",1,1,2,3,2
"252",2,4,2,6,2
"253",1,1,1,1,1
"254",1,1,1,2,2
"255",1,1,2,5,1
"256",3,3,3,2,2
"257",1,4,1,3,2
"258",2,2,3,5,4
"259",3,5,5,2,4
"260",2,4,2,3,3
"261",5,4,4,5,4
"262",4,5,3,6,1
"263",6,3,2,2,5
"264",5,4,2,2,1
"265",1,2,1,1,1
"266",1,2,2,1,2
"267",5,5,2,4,4
"268",1,2,2,2,2
"269",3,4,2,2,6
"270",2,2,5,5,3
"271",6,6,5,4,5
"272",2,4,4,NA,1
"273",1,1,1,3,3
"274",5,1,5,5,2
"275",4,5,6,4,4
"276",5,4,1,2,3
"277",2,2,2,2,1
"278",4,4,4,5,4
"279",4,5,4,4,5
"280",4,5,6,4,4
"281",5,5,3,3,3
"282",4,3,2,2,3
"283",1,3,3,5,1
"284",4,4,5,3,5
"285",6,6,6,4,5
"286",3,4,4,3,4
"287",6,6,6,6,4
"288",4,4,3,3,2
"289",1,2,4,2,2
"290",5,6,3,2,4
"291",3,4,4,4,2
"292",1,1,1,1,1
"293",3,4,2,4,4
"294",4,4,4,3,5
"295",4,6,6,5,6
"296",4,5,1,2,3
"297",4,4,1,2,2
"298",4,5,2,3,1
"299",2,3,3,2,1
"300",4,4,3,3,3
"301",2,4,5,4,4
"302",1,2,1,1,2
"303",2,2,2,4,2
"304",2,3,5,4,3
"305",3,4,4,4,4
"306",2,5,6,5,2
"307",2,4,5,5,4
"308",5,4,5,4,2
"309",2,2,2,2,4
"310",3,5,5,2,2
"311",2,3,1,2,3
"312",2,4,4,2,6
"313",1,1,1,2,1
"314",1,4,4,1,1
"315",6,6,6,5,1
"316",5,5,6,5,5
"317",1,1,3,6,4
"318",5,6,6,6,6
"319",2,2,4,2,2
"320",2,3,3,1,1
"321",5,5,5,5,1
"322",2,2,2,1,2
"323",5,5,5,6,5
"324",4,4,4,4,4
"325",4,5,4,4,2
"326",2,4,2,4,1
"327",2,2,4,2,4
"328",4,4,3,3,5
"329",6,6,6,6,5
"330",3,2,4,4,2
"331",4,4,5,6,4
"332",1,2,3,NA,2
"333",6,6,5,5,5
"334",1,3,3,4,2
"335",5,NA,5,5,6
"336",5,6,6,6,5
"337",6,6,5,5,3
"338",1,6,1,1,1
"339",2,4,5,6,4
"340",4,4,5,5,2
"341",4,5,4,2,2
"342",6,5,2,4,NA
"343",4,4,4,3,4
"344",2,2,4,2,2
"345",2,4,3,3,1
"346",5,5,4,4,3
"347",3,4,4,5,5
"348",6,6,6,5,4
"349",4,4,1,5,3
"350",3,5,4,4,4
"351",4,6,4,2,5
"352",3,4,4,4,4
"353",4,4,5,2,1
"354",5,6,2,1,4
"355",1,2,4,4,1
"356",3,5,4,4,4
"357",2,2,4,3,2
"358",5,5,2,3,3
"359",1,3,4,4,6
"360",1,6,4,2,1
"361",5,5,4,4,6
"362",2,4,6,6,5
"363",1,2,2,3,3
"364",2,4,4,2,5
"365",5,6,2,2,5
"366",4,4,3,2,1
"367",3,3,4,3,2
"368",4,4,6,4,1
"369",4,5,5,5,2
"370",6,6,6,6,6
"371",2,2,3,4,5
"372",4,4,4,3,2
"373",1,1,1,1,1
"374",4,4,4,4,2
"375",3,4,2,3,2
"376",1,1,1,1,1
"377",2,2,2,2,4
"378",3,4,4,2,5
"379",1,1,2,2,2
"380",1,1,1,1,1
"381",1,6,6,3,4
"382",2,4,5,4,5
"383",3,5,5,1,4
"384",1,2,3,4,2
"385",3,3,2,4,3
"386",2,3,2,2,4
"387",1,1,1,1,3
"388",4,4,4,4,4
"389",4,4,4,6,4
"390",3,4,2,1,1
"391",4,5,4,4,2
"392",5,5,5,4,2
"393",4,2,1,2,3
"394",2,4,4,3,1
"395",3,3,1,1,2
"396",3,3,4,1,2
"397",3,3,2,2,2
"398",3,3,3,1,3
"399",5,5,4,4,5
"400",4,5,5,3,5
"401",2,3,2,3,1
"402",3,5,4,4,2
"403",4,4,2,1,2
"404",1,NA,1,1,2
"405",4,5,3,4,5
"406",5,4,5,5,3
"407",4,4,2,1,1
"408",5,5,4,5,5
"409",4,4,4,2,1
"410",3,3,2,3,2
"411",1,1,1,1,1
"412",4,4,6,5,4
"413",4,6,6,6,6
"414",2,5,1,5,5
"415",5,5,2,2,2
"416",4,4,5,1,5
"417",4,1,2,6,6
"418",4,5,5,5,4
"419",2,4,3,2,2
"420",1,3,1,2,1
"421",5,6,6,6,6
"422",5,2,1,NA,4
"423",1,5,5,5,6
"424",4,NA,NA,4,1
"425",4,3,2,4,1
"426",1,1,2,2,1
"427",1,3,3,2,NA
"428",1,2,2,1,2
"429",5,5,5,5,5
"430",3,4,4,4,4
"431",2,5,3,5,2
"432",1,4,2,5,2
"433",1,4,3,4,2
"434",1,5,4,4,2
"435",1,5,4,4,2
"436",1,5,4,4,2
"437",1,5,4,4,2
"438",2,2,2,2,1
"439",6,6,6,3,2
"440",1,1,1,5,1
"441",6,6,4,6,5
"442",4,4,1,1,1
"443",6,6,6,5,6
"444",4,4,5,3,2
"445",1,1,2,5,1
"446",1,1,1,5,1
"447",2,3,2,2,1
"448",6,6,6,6,6
"449",1,1,1,1,1
"450",3,3,3,1,2
"451",5,4,4,5,5
"452",4,2,3,1,3
"453",4,4,3,2,1
"454",2,3,2,5,4
"455",4,5,4,1,5
"456",2,2,1,1,2
"457",1,4,5,1,1
"458",5,5,5,2,2
"459",2,3,1,2,5
"460",6,6,4,4,3
"461",1,1,2,4,2
"462",5,5,5,6,4
"463",1,2,1,2,2
"464",5,6,4,5,5
"465",1,3,5,2,4
"466",1,1,1,1,2
"467",2,3,4,1,2
"468",4,5,5,5,4
"469",4,5,5,6,1
"470",2,4,2,3,5
"471",5,6,6,2,2
"472",1,1,1,1,1
"473",3,4,4,3,5
"474",4,4,4,5,1
"475",2,3,3,3,3
"476",4,5,4,3,3
"477",1,1,4,3,1
"478",4,4,1,1,3
"479",6,6,6,3,2
"480",4,6,5,2,4
"481",5,4,4,4,5
"482",2,4,2,2,4
"483",3,4,1,4,1
"484",2,4,5,4,4
"485",1,2,2,1,1
"486",1,1,4,1,5
"487",1,2,2,2,2
"488",4,4,5,4,4
"489",4,4,5,5,6
"490",2,2,4,2,2
"491",2,5,2,3,4
"492",1,2,5,2,4
"493",4,4,4,1,4
"494",2,4,2,2,5
"495",1,3,NA,5,3
"496",5,6,5,4,2
"497",3,3,1,4,1
"498",3,5,3,1,1
"499",6,6,6,5,5
"500",4,5,4,5,4
"501",1,1,1,2,1
"502",1,1,1,2,2
"503",4,4,4,4,NA
"504",5,4,4,3,2
"505",3,4,4,2,3
"506",1,4,5,2,6
"507",3,3,4,3,4
"508",6,4,6,5,5
"509",2,5,4,3,4
"510",4,4,4,2,1
"511",3,3,4,2,4
"512",1,1,1,1,1
"513",5,4,6,3,4
"514",1,1,2,3,1
"515",3,3,2,4,2
"516",4,4,4,4,2
"517",5,6,4,4,3
"518",4,6,5,4,4
"519",1,2,1,1,1
"520",4,4,4,2,1
"521",4,5,5,3,2
"522",2,3,2,1,1
"523",1,2,1,3,2
"524",5,5,6,1,5
"525",4,4,4,5,6
"526",6,6,6,1,6
"527",3,3,4,3,2
"528",1,2,1,1,1
"529",2,4,3,5,4
"530",2,4,3,NA,1
"531",3,4,4,3,4
"532",5,5,6,4,4
"533",6,6,6,6,6
"534",3,5,1,1,3
"535",4,4,6,6,5
"536",3,4,1,1,1
"537",2,5,3,3,2
"538",5,5,4,5,4
"539",4,4,5,5,2
"540",5,6,4,3,4
"541",2,3,3,2,2
"542",5,5,5,3,5
"543",4,5,4,4,6
"544",2,2,1,6,4
"545",2,5,2,2,1
"546",3,4,4,4,3
"547",4,4,NA,4,2
"548",3,3,1,1,1
"549",1,1,2,2,3
"550",5,6,6,3,4
"551",1,1,1,1,1
"552",6,6,5,6,3
"553",6,4,1,1,1
"554",1,2,1,1,4
"555",3,4,4,5,6
"556",2,2,4,4,3
"557",5,6,4,5,4
"558",1,5,1,1,3
"559",2,3,1,4,3
"560",1,3,4,2,3
"561",2,3,1,1,1
"562",5,5,5,5,5
"563",4,4,4,3,3
"564",4,4,5,3,1
"565",3,3,3,3,2
"566",2,5,5,5,4
"567",1,2,2,2,1
"568",4,4,4,3,1
"569",5,5,3,1,1
"570",4,4,2,4,5
"571",4,5,4,4,4
"572",1,1,2,1,1
"573",4,6,6,5,3
"574",2,3,1,3,5
"575",1,1,2,2,5
"576",3,5,2,3,2
"577",4,5,5,4,3
"578",6,5,5,2,5
"579",1,1,1,1,1
"580",6,6,6,6,6
"581",5,3,2,1,5
"582",2,2,2,3,1
"583",1,3,2,1,1
"584",3,3,3,1,2
"585",3,5,5,4,1
"586",5,5,4,3,3
"587",3,5,4,4,4
"588",3,5,1,4,3
"589",6,6,6,5,6
"590",3,3,1,2,1
"591",2,4,4,1,2
"592",4,5,5,6,5
"593",4,4,4,4,1
"594",2,6,6,3,2
"595",3,3,2,1,2
"596",5,5,5,1,4
"597",1,3,1,2,3
"598",1,1,2,1,4
"599",2,2,4,2,1
"600",2,3,2,1,2
"601",2,1,1,2,4
"602",1,1,1,1,2
"603",5,5,4,3,3
"604",2,3,2,2,2
"605",1,2,5,4,2
"606",3,3,3,3,2
"607",6,6,6,2,1
"608",1,3,1,3,1
"609",2,4,4,6,4
"610",4,1,6,4,5
"611",4,1,6,4,5
"612",1,1,1,1,2
"613",3,4,4,4,4
"614",3,3,2,5,3
"615",1,1,1,1,5
"616",1,2,1,2,1
"617",3,5,5,4,3
"618",2,2,3,5,2
"619",NA,5,NA,2,4
"620",4,5,4,3,5
"621",4,5,4,2,5
"622",2,3,3,2,2
"623",5,6,2,2,4
"624",4,2,1,1,2
"625",3,4,1,5,6
"626",5,5,6,6,5
"627",1,1,1,1,1
"628",6,6,6,5,6
"629",2,2,2,2,4
"630",4,5,3,4,3
"631",4,3,2,1,2
"632",5,5,6,6,6
"633",1,5,4,6,6
"634",1,1,2,2,5
"635",4,4,5,6,2
"636",4,3,5,4,6
"637",1,2,1,3,4
"638",2,3,3,4,4
"639",2,NA,1,4,1
"640",2,2,2,2,1
"641",3,3,3,2,2
"642",3,4,2,3,3
"643",4,4,2,5,4
"644",3,6,6,2,1
"645",NA,6,4,2,3
"646",3,5,2,2,2
"647",2,2,2,2,1
"648",2,3,5,2,2
"649",2,2,4,6,4
"650",1,1,1,1,1
"651",1,2,1,1,2
"652",4,5,5,6,4
"653",2,3,4,5,3
"654",4,5,5,1,1
"655",6,6,5,5,5
"656",1,1,3,1,1
"657",1,1,2,4,2
"658",4,5,3,2,5
"659",4,5,4,4,1
"660",3,3,2,3,4
"661",6,6,6,6,1
"662",4,4,4,4,4
"663",5,5,6,5,5
"664",5,6,4,4,4
"665",1,2,2,4,1
"666",6,6,5,5,3
"667",5,5,5,4,4
"668",6,6,4,3,6
"669",5,5,2,4,6
"670",5,6,2,2,3
"671",4,5,2,2,1
"672",NA,5,3,4,3
"673",1,5,4,2,4
"674",4,5,4,5,4
"675",1,1,1,1,1
"676",NA,3,4,NA,NA
"677",1,4,6,4,3
"678",3,4,6,6,5
"679",1,2,1,2,1
"680",4,5,2,4,1
"681",2,1,5,5,1
"682",5,6,6,5,1
"683",5,5,2,4,4
"684",4,4,3,1,4
"685",4,4,4,5,4
"686",5,6,6,6,5
"687",1,1,1,1,1
"688",4,3,3,2,1
"689",1,3,2,2,3
"690",2,2,4,2,2
"691",5,6,6,2,5
"692",1,1,1,1,1
"693",5,6,6,4,5
"694",5,5,6,4,6
"695",3,5,3,3,3
"696",4,3,1,3,1
"697",2,2,2,1,1
"698",4,4,3,2,2
"699",3,3,5,4,6
"700",5,5,5,6,5
"701",3,3,3,2,1
"702",4,5,4,4,4
"703",1,4,3,4,1
"704",5,5,6,5,4
"705",1,2,2,2,2
"706",4,5,3,5,2
"707",4,4,2,2,1
"708",1,2,2,1,2
"709",6,5,4,5,6
"710",1,1,2,3,3
"711",4,6,5,4,1
"712",3,4,2,2,2
"713",2,5,3,3,5
"714",3,3,4,3,3
"715",2,4,1,2,1
"716",3,3,1,1,NA
"717",1,1,2,2,1
"718",2,2,2,3,3
"719",1,NA,2,1,2
"720",6,6,6,3,2
"721",1,4,4,1,2
"722",3,3,3,4,2
"723",1,1,1,1,1
"724",4,5,3,4,4
"725",2,5,6,2,6
"726",2,4,4,2,4
"727",5,6,5,4,6
"728",1,1,5,1,1
"729",4,3,2,2,2
"730",2,4,5,4,2
"731",4,4,1,1,3
"732",5,5,6,4,3
"733",3,2,3,2,2
"734",2,2,2,3,2
"735",3,3,4,2,3
"736",3,2,1,1,2
"737",3,5,2,2,2
"738",4,4,5,4,5
"739",3,4,4,2,3
"740",1,1,1,4,1
"741",1,4,1,3,1
"742",3,3,3,3,2
"743",5,6,5,4,5
"744",2,5,4,NA,4
"745",3,5,4,5,3
"746",1,1,2,2,1
"747",2,3,2,2,5
"748",4,3,5,6,2
"749",2,2,1,1,1
"750",4,3,4,2,4
"751",4,4,4,4,2
"752",4,6,3,2,3
"753",4,5,2,2,2
"754",5,6,5,5,5
"755",2,1,2,6,6
"756",2,3,2,4,1
"757",3,4,3,3,4
"758",4,4,5,6,6
"759",4,5,5,6,2
"760",4,4,4,5,2
"761",3,3,5,4,3
"762",2,4,1,5,5
"763",4,4,4,5,4
"764",3,3,3,2,4
"765",5,2,4,2,4
"766",2,5,3,2,1
"767",2,3,5,5,2
"768",2,2,3,2,2
"769",1,1,2,2,1
"770",4,2,2,3,4
"771",5,4,4,1,1
"772",3,3,3,2,3
"773",5,6,2,4,4
"774",5,5,5,5,4
"775",3,3,2,1,1
"776",3,3,3,3,3
"777",6,6,5,5,4
"778",2,4,4,4,5
"779",3,3,2,3,3
"780",2,2,3,2,2
"781",4,3,NA,3,2
"782",3,4,4,3,2
"783",4,3,5,2,5
"784",2,3,2,2,3
"785",1,1,1,1,1
"786",5,4,6,6,6
"787",4,4,4,3,2
"788",2,3,2,2,3
"789",4,4,2,2,3
"790",2,2,5,1,3
"791",2,4,2,3,1
"792",5,5,5,5,5
"793",2,5,1,1,1
"794",3,3,1,2,3
"795",5,6,6,4,5
"796",4,1,3,2,5
"797",1,4,3,2,2
"798",2,2,1,1,1
"799",6,4,5,3,5
"800",1,3,6,5,4
"801",5,6,5,1,6
"802",5,5,5,4,3
"803",2,4,2,1,5
"804",4,2,1,2,1
"805",4,5,5,2,2
"806",3,NA,5,3,4
"807",2,5,1,1,1
"808",4,5,1,3,4
"809",1,1,4,4,1
"810",2,2,2,4,6
"811",2,3,3,2,3
"812",4,4,4,2,2
"813",2,2,2,1,2
"814",4,4,5,4,5
"815",6,5,5,5,5
"816",1,2,1,1,1
"817",4,2,1,1,4
"818",6,5,3,5,6
"819",4,3,1,1,1
"820",3,5,4,3,4
"821",2,2,5,6,6
"822",NA,2,2,3,3
"823",1,4,4,4,4
"824",1,2,4,2,1
"825",3,4,5,5,2
"826",1,1,2,1,1
"827",2,4,2,2,1
"828",1,1,2,4,2
"829",2,2,1,1,2
"830",3,2,4,4,1
"831",1,1,1,1,2
"832",4,4,4,1,4
"833",6,6,4,6,3
"834",2,5,5,5,5
"835",6,4,1,4,6
"836",2,2,3,3,3
"837",2,3,2,2,4
"838",2,5,6,2,6
"839",5,6,6,6,6
"840",3,4,5,4,4
"841",2,1,2,2,2
"842",5,5,3,4,1
"843",1,4,1,1,1
"844",1,3,1,1,1
"845",3,5,2,2,2
"846",1,1,1,1,2
"847",1,1,3,4,3
"848",1,2,4,5,1
"849",1,4,3,4,5
"850",4,4,5,4,3
"851",3,2,2,6,5
"852",1,3,3,1,2
"853",6,6,5,5,5
"854",4,5,5,4,6
"855",4,5,6,6,5
"856",1,4,4,2,1
"857",4,5,5,2,2
"858",3,3,3,3,4
"859",2,3,2,1,1
"860",5,5,4,6,4
"861",1,1,1,1,1
"862",1,2,2,5,3
"863",5,6,4,5,5
"864",4,4,2,3,1
"865",5,6,6,5,4
"866",1,1,1,1,1
"867",1,6,1,6,1
"868",5,4,3,2,2
"869",1,4,5,5,6
"870",6,6,6,5,4
"871",1,1,4,6,1
"872",3,2,3,2,1
"873",1,1,2,4,2
"874",2,2,5,4,1
"875",1,4,1,2,1
"876",5,5,5,6,5
"877",1,4,1,1,1
"878",2,4,2,2,1
"879",1,4,5,5,6
"880",1,2,4,5,1
"881",3,3,2,3,3
"882",2,3,2,1,1
"883",4,4,4,3,3
"884",4,4,4,4,4
"885",3,3,1,4,3
"886",1,4,1,2,4
"887",1,6,5,4,6
"888",1,1,5,5,6
"889",5,5,5,5,3
"890",1,2,2,3,1
"891",4,5,2,5,5
"892",2,3,5,5,2
"893",3,3,2,4,3
"894",6,6,5,6,6
"895",3,4,2,1,2
"896",3,4,1,1,1
"897",2,3,4,5,5
"898",6,6,5,1,2
"899",3,2,1,2,1
"900",1,5,1,1,1
"901",4,5,4,3,4
"902",3,2,2,5,1
"903",3,3,2,2,3
"904",2,4,4,3,3
"905",2,2,3,5,5
"906",4,5,5,6,6
"907",3,4,3,1,4
"908",2,4,2,2,5
"909",2,3,2,2,4
"910",1,2,2,1,1
"911",3,2,3,4,2
"912",1,2,1,2,1
"913",4,5,5,NA,2
"914",4,4,4,5,3
"915",5,5,5,5,4
"916",1,2,4,4,2
"917",2,3,2,5,2
"918",4,3,2,2,2
"919",5,3,4,4,4
"920",2,4,2,2,2
"921",5,5,5,5,1
"922",2,2,4,5,2
"923",3,3,3,2,3
"924",2,2,2,1,3
"925",6,6,6,4,2
"926",2,4,5,5,4
"927",5,3,2,2,2
"928",1,1,3,4,1
"929",4,5,5,5,5
"930",1,2,2,6,2
"931",6,6,6,6,5
"932",2,4,5,6,3
"933",3,3,1,2,6
"934",4,4,5,5,5
"935",3,4,5,4,2
"936",1,1,1,1,1
"937",2,2,1,1,2
"938",5,5,4,4,1
"939",4,4,3,6,4
"940",4,4,4,3,4
"941",4,5,2,4,3
"942",1,3,3,1,2
"943",2,2,5,6,1
"944",3,3,2,3,1
"945",2,4,4,4,3
"946",2,4,4,2,2
"947",2,4,3,2,2
"948",4,6,2,4,1
"949",6,6,5,6,6
"950",1,1,2,2,1
"951",2,4,2,4,NA
"952",3,5,3,4,5
"953",1,1,3,4,4
"954",3,3,3,2,1
"955",4,4,4,3,2
"956",5,5,5,4,3
"957",3,4,4,5,4
"958",3,2,2,1,4
"959",4,5,3,4,2
"960",2,2,2,2,2
"961",1,1,1,2,3
"962",3,5,4,4,3
"963",1,6,1,6,1
"964",5,4,2,5,1
"965",4,2,1,2,1
"966",2,5,5,4,1
"967",6,6,5,5,5
"968",6,6,6,4,3
"969",3,2,1,1,2
"970",4,5,4,4,4
"971",2,2,2,4,3
"972",4,5,4,4,3
"973",5,4,5,2,4
"974",2,2,2,1,2
"975",6,6,6,3,1
"976",2,2,2,1,2
"977",6,6,6,6,6
"978",4,4,5,1,1
"979",1,2,2,5,3
"980",2,3,3,3,2
"981",5,5,3,3,2
"982",4,4,4,3,6
"983",4,4,4,4,2
"984",4,4,2,4,4
"985",2,3,1,1,2
"986",3,3,2,4,4
"987",2,1,4,1,1
"988",3,3,4,2,2
"989",5,6,6,3,2
"990",4,5,5,2,2
"991",2,2,3,5,2
"992",1,3,1,3,1
"993",1,1,1,1,1
"994",4,5,5,4,4
"995",5,2,2,1,1
"996",6,6,6,6,2
"997",1,1,2,2,2
"998",4,4,2,3,1
"999",4,5,4,4,3
"1000",6,6,6,6,2
"1001",2,6,6,5,6
"1002",3,5,5,4,4
"1003",1,4,4,4,2
"1004",4,4,4,3,2
"1005",1,2,2,5,4
"1006",6,6,2,6,6
"1007",5,5,5,6,4
"1008",1,1,1,1,2
"1009",1,1,1,1,1
"1010",4,2,4,3,2
"1011",4,4,4,3,2
"1012",4,NA,1,1,NA
"1013",1,2,2,1,2
"1014",3,5,3,NA,1
"1015",1,3,6,6,6
"1016",2,2,2,4,1
"1017",3,3,4,3,5
"1018",1,2,1,2,1
"1019",4,4,3,3,4
"1020",2,2,2,2,2
"1021",1,2,2,2,5
"1022",6,6,6,6,5
"1023",4,4,6,NA,6
"1024",1,3,4,2,4
"1025",3,4,2,3,5
"1026",1,2,3,1,2
"1027",6,6,5,4,1
"1028",2,2,6,6,5
"1029",5,5,4,2,6
"1030",2,2,1,1,2
"1031",2,2,1,1,1
"1032",3,2,2,2,2
"1033",5,4,5,1,2
"1034",6,6,6,4,2
"1035",2,2,1,2,1
"1036",2,2,2,4,4
"1037",NA,4,4,2,1
"1038",1,4,1,5,1
"1039",1,4,1,1,3
"1040",5,4,4,6,3
"1041",1,1,1,4,1
"1042",1,3,2,2,2
"1043",2,3,4,3,2
"1044",5,5,5,4,1
"1045",1,1,NA,1,1
"1046",3,3,1,3,2
"1047",1,1,1,1,1
"1048",5,5,4,6,3
"1049",3,4,4,3,4
"1050",2,3,3,2,5
"1051",1,2,4,3,2
"1052",5,5,4,2,2
"1053",3,4,4,1,3
"1054",2,3,2,5,6
"1055",1,1,2,4,6
"1056",1,4,4,5,6
"1057",5,6,5,3,4
"1058",1,1,1,1,1
"1059",4,4,2,2,2
"1060",2,4,2,2,3
"1061",5,5,6,4,4
"1062",3,5,1,1,1
"1063",3,4,4,5,2
"1064",1,2,1,2,1
"1065",3,3,4,5,3
"1066",4,5,2,4,2
"1067",2,2,1,1,1
"1068",2,4,1,1,1
"1069",5,5,5,4,2
"1070",4,5,4,2,4
"1071",1,4,1,2,1
"1072",2,3,2,2,2
"1073",2,5,4,2,6
"1074",5,6,6,2,4
"1075",1,1,1,1,1
"1076",3,5,4,3,1
"1077",1,1,3,2,4
"1078",5,4,6,5,5
"1079",3,3,2,3,1
"1080",1,2,2,2,3
"1081",2,NA,3,6,5
"1082",2,2,2,4,2
"1083",1,2,2,2,2
"1084",1,2,2,1,1
"1085",1,1,1,2,2
"1086",1,1,1,1,3
"1087",3,4,4,1,2
"1088",1,2,2,2,2
"1089",3,2,2,2,4
"1090",2,3,2,3,4
"1091",6,5,5,4,2
"1092",4,4,3,1,1
"1093",1,1,3,2,1
"1094",3,4,5,5,6
"1095",2,2,4,4,4
"1096",6,6,6,5,4
"1097",5,5,5,2,1
"1098",3,3,2,5,6
"1099",1,2,4,3,2
"1100",1,4,4,6,6
"1101",4,6,5,2,2
"1102",6,6,6,3,6
"1103",1,1,5,5,1
"1104",2,3,4,3,1
"1105",1,2,5,5,5
"1106",2,5,5,6,5
"1107",1,2,1,1,1
"1108",2,3,3,3,3
"1109",3,3,5,6,3
"1110",1,1,1,1,1
"1111",3,5,4,3,2
"1112",2,2,1,2,3
"1113",6,6,5,4,6
"1114",1,1,1,5,2
"1115",2,2,2,5,3
"1116",2,2,4,3,2
"1117",2,3,2,4,2
"1118",2,4,6,5,1
"1119",4,5,NA,4,3
"1120",1,2,2,1,4
"1121",2,2,4,2,1
"1122",NA,3,3,NA,NA
"1123",4,4,3,4,2
"1124",4,4,4,4,3
"1125",2,3,4,4,3
"1126",1,1,2,NA,4
"1127",4,6,4,1,1
"1128",1,1,2,2,2
"1129",3,4,3,2,4
"1130",3,5,3,2,4
"1131",1,2,1,2,1
"1132",3,5,4,5,5
"1133",2,5,3,2,4
"1134",2,4,5,5,4
"1135",1,1,1,1,1
"1136",2,3,2,4,1
"1137",1,2,6,1,4
"1138",3,2,1,5,1
"1139",1,2,4,4,1
"1140",1,1,1,1,1
"1141",1,1,2,2,1
"1142",5,6,5,4,5
"1143",2,4,3,4,3
"1144",3,1,2,1,2
"1145",4,4,4,4,4
"1146",3,2,3,5,3
"1147",2,2,5,4,3
"1148",6,6,4,5,6
"1149",5,5,5,4,5
"1150",6,6,5,6,6
"1151",2,4,1,6,1
"1152",1,2,2,4,4
"1153",1,1,1,1,1
"1154",2,2,1,1,1
"1155",NA,6,6,4,6
"1156",2,3,4,3,6
"1157",2,4,5,1,1
"1158",1,1,1,1,4
"1159",3,4,5,1,4
"1160",2,5,4,4,2
"1161",2,4,2,2,2
"1162",2,4,1,5,1
"1163",4,5,5,NA,5
"1164",1,1,1,2,4
"1165",1,2,6,4,6
"1166",4,4,4,3,2
"1167",2,4,5,5,1
"1168",1,1,2,4,5
"1169",2,2,3,4,3
"1170",2,2,2,2,2
"1171",3,4,2,1,2
"1172",2,2,2,1,4
"1173",4,4,4,5,6
"1174",4,5,4,3,4
"1175",2,3,1,1,2
"1176",2,3,3,2,3
"1177",2,2,4,4,2
"1178",4,4,4,4,4
"1179",3,3,2,1,2
"1180",1,NA,1,1,1
"1181",5,5,5,3,5
"1182",3,4,3,3,2
"1183",4,4,6,4,4
"1184",1,1,1,1,1
"1185",5,4,2,5,2
"1186",3,4,5,5,2
"1187",6,6,6,5,6
"1188",5,5,4,5,3
"1189",2,3,2,3,1
"1190",2,5,4,2,1
"1191",2,4,4,4,2
"1192",2,3,5,4,4
"1193",2,3,2,3,5
"1194",3,4,4,4,4
"1195",2,4,2,4,2
"1196",5,3,4,6,2
"1197",2,4,1,1,1
"1198",2,2,2,2,6
"1199",1,2,1,3,2
"1200",1,3,1,1,5
"1201",1,1,1,3,2
"1202",5,4,5,5,5
"1203",4,4,4,4,2
"1204",1,2,2,2,2
"1205",5,5,2,6,3
"1206",6,5,6,6,4
"1207",1,2,1,4,4
"1208",2,2,2,2,2
"1209",6,6,6,6,3
"1210",1,2,1,1,1
"1211",4,2,2,2,3
"1212",4,4,4,3,4
"1213",6,6,6,6,6
"1214",5,5,5,4,2
"1215",2,2,3,3,1
"1216",1,3,3,2,2
"1217",5,5,2,5,6
"1218",1,2,2,5,5
"1219",1,1,2,4,4
"1220",5,5,4,4,4
"1221",4,3,4,4,4
"1222",4,4,2,3,2
"1223",2,3,5,4,1
"1224",5,NA,4,2,4
"1225",2,2,2,2,6
"1226",3,2,3,1,3
"1227",2,2,2,5,3
"1228",5,5,4,6,5
"1229",2,3,1,2,2
"1230",5,4,4,3,4
"1231",1,2,1,2,1
"1232",5,5,5,6,6
"1233",1,1,1,1,1
"1234",4,5,5,5,4
"1235",6,6,6,6,3
"1236",3,4,4,6,4
"1237",1,3,1,2,1
"1238",4,1,1,2,4
"1239",5,5,4,5,4
"1240",4,4,2,3,2
"1241",5,6,6,6,6
"1242",5,5,2,4,4
"1243",1,2,2,3,4
"1244",1,1,2,2,2
"1245",3,4,4,4,3
"1246",3,4,4,4,4
"1247",2,4,1,2,4
"1248",2,2,4,3,2
"1249",1,2,2,1,1
"1250",1,2,1,1,2
"1251",1,1,1,1,2
"1252",3,3,4,5,5
"1253",6,6,6,6,6
"1254",NA,1,3,3,3
"1255",1,1,1,1,2
"1256",1,3,4,4,4
"1257",4,6,2,1,4
"1258",1,1,1,1,2
"1259",3,3,2,2,2
"1260",1,3,3,1,1
"1261",1,4,1,3,2
"1262",1,2,2,4,3
"1263",4,4,5,4,6
"1264",3,1,2,1,1
"1265",2,4,1,2,2
"1266",4,4,2,4,2
"1267",6,6,6,6,6
"1268",1,1,2,1,1
"1269",1,1,1,1,1
"1270",3,4,3,6,4
"1271",2,2,2,4,4
"1272",4,5,4,4,2
"1273",5,6,5,4,5
"1274",1,2,1,3,2
"1275",1,4,1,1,1
"1276",2,3,3,2,2
"1277",2,3,2,5,1
"1278",3,2,4,2,1
"1279",5,5,6,5,5
"1280",4,3,2,2,3
"1281",4,3,6,5,6
"1282",3,2,2,2,2
"1283",5,5,6,6,2
"1284",2,2,1,1,2
"1285",3,4,4,2,6
"1286",1,4,1,1,1
"1287",2,2,2,3,3
"1288",5,6,4,5,5
"1289",2,2,2,2,2
"1290",3,4,2,2,2
"1291",4,5,4,3,4
"1292",3,4,6,4,3
"1293",4,4,4,4,NA
"1294",2,NA,2,2,2
"1295",1,1,2,5,5
"1296",1,4,4,3,2
"1297",2,3,2,3,2
"1298",5,6,5,6,1
"1299",2,5,5,6,2
"1300",4,6,2,6,3
"1301",5,5,6,6,4
"1302",2,2,5,4,2
"1303",2,2,2,4,2
"1304",2,5,4,6,1
"1305",2,2,1,1,1
"1306",2,2,1,1,1
"1307",4,5,4,5,2
"1308",1,2,4,2,1
"1309",4,4,3,4,4
"1310",1,2,3,4,1
"1311",2,3,4,3,3
"1312",1,2,3,2,2
"1313",5,5,5,4,5
"1314",3,3,2,2,3
"1315",4,4,1,1,1
"1316",3,4,4,5,5
"1317",3,4,2,4,1
"1318",2,2,4,2,1
"1319",NA,3,2,1,3
"1320",1,5,1,4,2
"1321",2,2,2,2,1
"1322",1,1,1,2,1
"1323",2,2,2,1,1
"1324",3,5,2,4,4
"1325",3,4,2,1,3
"1326",5,4,3,2,4
"1327",1,1,1,1,1
"1328",3,2,3,3,2
"1329",2,2,3,1,2
"1330",1,2,4,3,5
"1331",3,2,5,3,3
"1332",3,4,4,2,2
"1333",6,6,6,6,6
"1334",2,3,2,1,2
"1335",6,6,6,6,5
"1336",4,5,2,3,3
"1337",6,5,5,6,5
"1338",3,4,4,4,5
"1339",2,4,3,2,3
"1340",1,3,3,4,5
"1341",1,1,5,4,1
"1342",1,4,1,1,4
"1343",3,4,5,5,4
"1344",3,NA,3,2,4
"1345",2,4,3,3,3
"1346",2,2,2,2,2
"1347",1,5,5,5,4
"1348",6,6,6,6,5
"1349",4,4,4,4,2
"1350",2,3,3,2,2
"1351",2,6,1,1,1
"1352",1,1,1,4,5
"1353",4,5,3,4,6
"1354",5,5,1,4,3
"1355",3,4,4,4,1
"1356",2,2,1,2,2
"1357",2,2,1,3,3
"1358",4,4,2,4,4
"1359",2,4,1,2,1
"1360",1,4,2,1,1
"1361",6,6,5,4,4
"1362",2,5,5,5,5
"1363",4,4,4,3,4
"1364",4,2,1,1,5
"1365",5,3,2,4,4
"1366",5,5,6,5,5
"1367",1,2,2,4,1
"1368",3,3,4,4,5
"1369",1,4,1,1,1
"1370",1,3,5,4,4
"1371",1,1,1,1,1
"1372",1,1,1,2,1
"1373",5,5,3,4,5
"1374",2,2,1,1,4
"1375",1,1,2,1,NA
"1376",3,2,4,2,2
"1377",1,4,1,1,1
"1378",3,4,3,3,3
"1379",1,1,1,1,1
"1380",2,2,2,2,2
"1381",2,2,3,3,3
"1382",1,2,3,3,3
"1383",1,1,1,1,2
"1384",2,2,2,1,3
"1385",1,1,1,4,1
"1386",1,2,3,2,3
"1387",2,1,2,4,3
"1388",5,5,4,6,5
"1389",5,4,5,5,1
"1390",2,5,2,3,2
"1391",4,4,2,5,3
"1392",2,3,2,3,3
"1393",3,4,5,3,6
"1394",3,2,6,4,2
"1395",4,4,1,1,3
"1396",5,5,5,6,6
"1397",4,5,5,4,5
"1398",5,6,5,5,4
"1399",6,6,4,6,4
"1400",2,2,3,2,2
"1401",3,4,4,4,4
"1402",6,6,5,5,5
"1403",6,4,4,2,2
"1404",1,3,1,2,4
"1405",2,3,2,2,6
"1406",2,3,3,4,3
"1407",6,6,6,6,5
"1408",2,4,4,4,5
"1409",2,2,2,3,3
"1410",1,3,1,4,2
"1411",1,1,1,2,5
"1412",2,3,3,2,1
"1413",6,6,6,5,6
"1414",4,5,3,5,4
"1415",2,2,2,2,2
"1416",3,3,3,4,1
"1417",1,1,2,4,2
"1418",4,4,4,4,5
"1419",5,6,6,5,5
"1420",3,4,3,4,5
"1421",3,4,2,6,4
"1422",5,5,4,3,3
"1423",2,2,2,1,2
"1424",2,5,4,2,4
"1425",1,4,2,3,2
"1426",6,6,5,5,3
"1427",2,3,3,2,2
"1428",3,4,4,5,4
"1429",1,4,6,2,1
"1430",1,1,1,1,1
"1431",4,5,4,2,4
"1432",1,1,2,2,2
"1433",3,3,5,2,5
"1434",2,2,4,4,2
"1435",4,5,5,6,6
"1436",1,1,1,1,1
"1437",4,4,2,4,1
"1438",5,4,4,4,3
"1439",1,3,4,6,5
"1440",2,3,4,4,4
"1441",5,5,5,5,4
"1442",5,5,5,2,3
"1443",2,4,4,5,1
"1444",2,3,2,4,1
"1445",3,2,2,4,2
"1446",4,4,4,5,4
"1447",1,2,1,4,2
"1448",1,1,1,1,1
"1449",1,2,2,2,1
"1450",4,4,3,5,6
"1451",3,5,1,2,4
"1452",2,4,2,6,2
"1453",4,5,5,4,3
"1454",1,2,2,2,NA
"1455",2,4,3,3,2
"1456",1,2,4,1,2
"1457",3,3,3,4,1
"1458",3,2,3,2,1
"1459",2,3,5,3,2
"1460",4,3,4,2,6
"1461",1,4,2,5,1
"1462",4,5,4,3,3
"1463",5,5,5,4,1
"1464",4,2,3,4,1
"1465",3,6,4,4,4
"1466",2,5,4,1,2
"1467",1,6,2,2,3
"1468",4,4,5,5,3
"1469",6,6,5,5,6
"1470",6,6,6,4,6
"1471",5,4,4,1,4
"1472",4,3,2,3,2
"1473",5,5,2,4,1
"1474",1,2,3,4,NA
"1475",6,6,6,5,5
"1476",1,2,1,2,1
"1477",2,5,2,1,2
"1478",2,3,3,4,4
"1479",2,4,2,2,2
"1480",6,6,6,6,6
"1481",2,2,1,1,2
"1482",3,4,2,5,4
"1483",2,3,2,5,3
"1484",5,4,5,4,5
"1485",2,2,4,1,1
"1486",1,2,1,2,1
"1487",5,6,1,6,1
"1488",2,4,2,2,2
"1489",4,3,2,4,2
"1490",2,4,4,5,3
"1491",2,3,3,3,1
"1492",6,6,5,2,6
"1493",3,4,4,3,4
"1494",6,6,3,1,1
"1495",1,1,1,1,1
"1496",1,2,1,2,1
"1497",4,4,4,3,4
"1498",4,4,5,1,1
"1499",4,5,5,2,3
"1500",1,1,1,2,1
"1501",1,1,4,5,4
"1502",3,2,2,4,5
"1503",5,5,5,4,3
"1504",4,2,6,2,2
"1505",2,2,6,2,2
"1506",6,5,6,6,6
"1507",2,3,4,3,2
"1508",3,4,3,1,2
"1509",3,6,1,5,1
"1510",1,2,2,2,1
"1511",6,6,6,1,5
"1512",2,2,4,4,4
"1513",2,5,3,2,3
"1514",2,3,4,5,4
"1515",1,4,2,5,4
"1516",6,6,6,6,6
"1517",2,5,5,3,1
"1518",6,5,5,6,4
"1519",4,5,6,3,5
"1520",4,4,3,4,3
"1521",2,1,2,4,4
"1522",1,2,1,2,1
"1523",3,6,4,2,3
"1524",2,3,5,6,2
"1525",6,6,4,6,6
"1526",5,5,5,2,3
"1527",5,6,4,3,3
"1528",6,6,6,5,NA
"1529",1,1,3,4,1
"1530",6,6,5,4,4
"1531",1,2,4,1,2
"1532",2,3,1,2,1
"1533",4,4,6,2,1
"1534",1,1,1,1,1
"1535",5,5,5,4,4
"1536",5,4,5,4,4
"1537",6,6,4,3,3
"1538",2,4,2,2,5
"1539",2,4,4,3,4
"1540",6,6,6,6,6
"1541",2,2,2,1,1
"1542",4,5,5,2,2
"1543",4,5,2,4,6
"1544",1,2,1,3,4
"1545",4,5,4,4,6
"1546",2,4,4,3,2
"1547",2,4,1,1,1
"1548",5,4,5,5,2
"1549",2,5,6,3,5
"1550",5,6,5,2,4
"1551",6,4,6,2,5
"1552",1,1,3,3,3
"1553",3,4,2,4,2
"1554",2,3,4,2,2
"1555",5,5,5,5,5
"1556",5,6,5,5,5
"1557",2,3,6,6,4
"1558",2,2,5,2,1
"1559",2,2,2,4,1
"1560",6,6,6,6,6
"1561",1,1,1,1,1
"1562",2,5,4,4,4
"1563",5,6,4,5,5
"1564",5,1,4,5,5
"1565",5,1,4,5,5
"1566",1,1,4,2,5
"1567",1,1,4,2,5
"1568",1,1,4,2,3
"1569",1,1,4,2,6
"1570",1,1,1,2,6
"1571",1,1,6,2,6
"1572",1,1,6,2,6
"1573",1,2,2,2,3
"1574",5,5,6,5,5
"1575",6,6,6,6,6
"1576",5,4,5,3,6
"1577",3,3,4,2,4
"1578",5,5,5,6,2
"1579",1,2,4,1,1
"1580",1,2,1,1,2
"1581",2,2,5,4,3
"1582",1,1,2,NA,2
"1583",2,4,2,2,2
"1584",2,2,2,2,2
"1585",1,1,1,2,2
"1586",2,4,1,4,2
"1587",2,1,2,2,2
"1588",4,5,4,5,2
"1589",1,1,5,4,2
"1590",2,4,5,3,5
"1591",3,2,3,2,2
"1592",6,6,5,5,3
"1593",2,3,2,3,1
"1594",4,5,2,3,4
"1595",4,4,4,4,5
"1596",3,5,3,2,2
"1597",2,2,2,4,3
"1598",4,3,5,6,2
"1599",4,4,3,4,4
"1600",2,2,1,3,1
"1601",2,2,1,1,3
"1602",5,6,5,5,1
"1603",5,6,3,4,2
"1604",4,6,6,6,5
"1605",1,1,5,6,1
"1606",4,3,4,5,4
"1607",1,1,1,6,1
"1608",2,4,2,2,5
"1609",1,1,5,4,3
"1610",1,2,3,3,2
"1611",3,3,2,2,1
"1612",3,5,2,2,3
"1613",4,6,6,6,2
"1614",1,1,2,1,1
"1615",2,2,2,2,4
"1616",3,4,4,3,4
"1617",4,3,2,3,2
"1618",1,1,2,1,4
"1619",1,1,1,1,3
"1620",4,4,4,4,4
"1621",1,2,1,3,1
"1622",4,4,5,1,5
"1623",4,4,4,4,4
"1624",1,2,2,2,4
"1625",3,3,2,2,2
"1626",4,5,5,5,2
"1627",4,5,5,6,2
"1628",2,2,2,2,2
"1629",3,3,3,NA,4
"1630",1,3,1,1,3
"1631",2,3,4,1,2
"1632",1,2,3,3,2
"1633",1,2,1,2,4
"1634",1,4,2,4,1
"1635",1,2,2,2,3
"1636",3,3,4,5,5
"1637",3,4,5,2,6
"1638",4,5,4,3,2
"1639",1,1,1,1,1
"1640",1,1,1,3,1
"1641",2,3,2,3,1
"1642",1,5,1,3,1
"1643",6,6,5,2,5
"1644",2,3,4,4,2
"1645",5,5,2,6,4
"1646",5,5,5,5,5
"1647",2,4,2,3,2
"1648",NA,5,5,NA,NA
"1649",2,2,1,5,2
"1650",5,5,5,4,3
"1651",2,4,3,3,3
"1652",3,3,5,4,5
"1653",2,3,3,4,4
"1654",1,3,2,2,5
"1655",2,2,1,1,3
"1656",3,5,5,3,1
"1657",1,1,1,1,2
"1658",2,5,4,1,2
"1659",4,6,3,5,5
"1660",1,3,1,4,1
"1661",2,1,5,5,1
"1662",4,5,5,3,3
"1663",5,5,4,4,3
"1664",2,2,2,5,4
"1665",4,5,4,5,4
"1666",2,1,1,1,1
"1667",4,2,2,5,4
"1668",4,5,5,3,3
"1669",5,3,5,4,2
"1670",2,2,1,1,1
"1671",2,3,3,3,1
"1672",3,3,2,2,2
"1673",6,6,5,4,6
"1674",1,2,6,5,5
"1675",5,6,6,4,4
"1676",5,6,5,4,4
"1677",3,5,2,2,4
"1678",4,5,5,3,4
"1679",4,4,5,2,2
"1680",3,2,3,1,3
"1681",4,6,6,6,4
"1682",3,3,2,5,2
"1683",4,3,1,3,2
"1684",1,1,2,2,1
"1685",4,5,5,6,6
"1686",4,2,2,1,2
"1687",1,3,1,4,1
"1688",6,6,6,5,5
"1689",1,4,2,2,2
"1690",2,2,2,4,2
"1691",2,5,4,4,1
"1692",1,1,2,2,1
"1693",3,3,3,3,4
"1694",4,5,4,5,5
"1695",6,5,6,6,1
"1696",1,4,2,2,1
"1697",5,6,5,3,3
"1698",1,1,1,2,1
"1699",2,1,1,2,2
"1700",2,3,5,5,6
"1701",3,3,5,4,5
"1702",5,4,4,3,6
"1703",3,2,2,2,4
"1704",2,1,3,2,4
"1705",2,5,4,4,2
"1706",3,3,4,4,4
"1707",2,2,5,2,2
"1708",4,4,2,1,3
"1709",2,4,5,4,5
"1710",2,1,2,3,2
"1711",4,4,4,4,5
"1712",1,1,1,1,1
"1713",2,2,4,4,2
"1714",4,4,4,4,4
"1715",1,4,1,4,1
"1716",3,4,4,4,3
"1717",3,4,2,2,2
"1718",1,3,3,1,1
"1719",2,2,1,3,1
"1720",1,1,1,1,2
"1721",4,5,5,5,6
"1722",1,1,1,1,1
"1723",5,5,4,5,6
"1724",6,6,5,NA,6
"1725",3,4,4,4,6
"1726",1,3,2,2,1
"1727",5,4,5,4,6
"1728",5,5,4,5,4
"1729",3,4,3,3,2
"1730",4,4,4,4,4
"1731",2,4,3,3,2
"1732",4,4,4,2,3
"1733",2,4,1,2,2
"1734",2,4,1,2,2
"1735",2,4,1,2,2
"1736",2,4,2,2,2
"1737",4,4,4,5,3
"1738",2,3,4,2,3
"1739",4,4,5,6,2
"1740",4,5,2,4,1
"1741",2,3,2,2,1
"1742",2,4,4,2,4
"1743",5,5,6,4,4
"1744",1,2,1,2,3
"1745",NA,2,1,3,4
"1746",2,5,1,2,4
"1747",4,1,6,6,2
"1748",5,5,6,4,5
"1749",4,4,4,4,2
"1750",1,4,1,1,1
"1751",2,5,2,3,1
"1752",6,6,6,6,6
"1753",1,5,4,4,3
"1754",1,1,1,1,4
"1755",2,3,2,3,2
"1756",1,1,2,2,1
"1757",6,6,5,6,5
"1758",1,1,2,2,1
"1759",6,6,6,6,6
"1760",4,4,5,4,4
"1761",2,5,6,4,2
"1762",5,5,5,6,2
"1763",6,6,3,1,4
"1764",4,6,5,6,6
"1765",4,5,3,4,4
"1766",5,2,1,5,5
"1767",4,4,2,3,2
"1768",3,5,4,4,5
"1769",1,1,1,1,1
"1770",3,5,5,3,6
"1771",1,1,2,3,4
"1772",1,1,1,2,6
"1773",1,4,3,4,2
"1774",2,2,1,1,2
"1775",5,4,6,4,5
"1776",2,4,3,3,2
"1777",5,5,6,5,6
"1778",2,2,2,4,2
"1779",2,4,2,5,4
"1780",5,6,6,3,3
"1781",4,5,5,6,1
"1782",2,2,1,1,2
"1783",6,6,6,6,6
"1784",1,1,1,1,1
"1785",1,4,6,6,6
"1786",4,4,3,5,2
"1787",3,3,5,5,1
"1788",3,4,4,1,1
"1789",4,4,4,5,5
"1790",6,6,6,6,6
"1791",2,2,2,3,1
"1792",3,4,5,3,2
"1793",1,5,6,4,6
"1794",4,4,5,4,4
"1795",2,3,5,6,2
"1796",1,2,5,2,1
"1797",1,1,2,1,1
"1798",2,4,2,4,1
"1799",6,6,2,3,5
"1800",6,6,5,6,4
"1801",3,3,3,2,2
"1802",3,3,2,3,2
"1803",3,4,2,3,3
"1804",NA,4,4,4,6
"1805",2,4,4,3,4
"1806",1,1,2,4,3
"1807",4,4,5,6,4
"1808",5,4,4,4,6
"1809",3,4,2,5,2
"1810",NA,5,6,4,2
"1811",1,1,4,1,5
"1812",3,3,1,1,5
"1813",4,3,3,2,1
"1814",1,2,2,1,1
"1815",5,4,4,2,6
"1816",3,4,3,4,5
"1817",1,5,1,1,2
"1818",3,3,4,4,3
"1819",2,2,3,2,1
"1820",3,2,2,5,2
"1821",6,5,6,4,4
"1822",1,2,2,2,3
"1823",1,2,2,5,1
"1824",6,6,6,6,5
"1825",4,4,4,4,5
"1826",4,5,5,5,5
"1827",3,5,4,6,3
"1828",1,1,1,1,4
"1829",4,NA,5,5,4
"1830",2,2,1,1,1
"1831",1,2,1,2,1
"1832",3,4,4,2,4
"1833",3,3,4,2,3
"1834",2,2,2,2,3
"1835",3,2,5,2,4
"1836",1,3,1,1,1
"1837",3,2,1,1,NA
"1838",4,5,4,4,3
"1839",3,4,4,4,2
"1840",2,2,1,2,2
"1841",6,6,3,6,5
"1842",3,4,3,2,2
"1843",1,4,1,4,1
"1844",1,2,3,1,1
"1845",5,4,6,5,6
"1846",1,1,1,1,1
"1847",1,1,4,1,1
"1848",5,6,2,2,1
"1849",2,2,1,1,2
"1850",5,6,5,2,4
"1851",4,4,3,2,3
"1852",3,4,2,4,5
"1853",1,2,3,NA,1
"1854",6,6,6,4,5
"1855",4,4,4,3,2
"1856",4,4,6,1,6
"1857",1,1,1,1,1
"1858",2,3,4,3,4
"1859",3,4,3,2,4
"1860",6,6,6,6,3
"1861",2,3,1,4,3
"1862",1,3,4,5,1
"1863",2,5,2,2,1
"1864",2,2,1,2,2
"1865",1,2,1,2,2
"1866",4,5,4,5,NA
"1867",3,4,4,6,3
"1868",5,6,6,4,6
"1869",1,2,1,1,2
"1870",2,3,3,5,4
"1871",3,4,5,6,3
"1872",6,6,4,6,5
"1873",3,3,3,4,4
"1874",4,4,4,2,5
"1875",2,3,2,2,1
"1876",5,4,6,4,3
"1877",3,5,4,5,4
"1878",1,1,2,2,2
"1879",1,1,2,1,1
"1880",1,5,4,2,2
"1881",2,5,5,3,5
"1882",1,1,4,4,1
"1883",3,3,3,3,5
"1884",2,2,1,1,3
"1885",2,5,5,5,1
"1886",3,5,5,3,5
"1887",1,2,3,NA,2
"1888",1,2,4,2,3
"1889",2,3,2,2,4
"1890",1,3,2,1,2
"1891",2,2,3,3,3
"1892",6,6,5,5,4
"1893",4,5,4,3,5
"1894",3,5,2,2,3
"1895",6,5,4,3,3
"1896",3,1,3,4,3
"1897",1,2,2,2,1
"1898",3,4,4,4,3
"1899",4,2,4,5,4
"1900",4,5,2,4,5
"1901",5,5,5,6,1
"1902",1,4,6,1,1
"1903",4,4,4,4,4
"1904",1,4,1,2,2
"1905",2,4,2,4,1
"1906",6,6,6,4,6
"1907",4,4,6,6,2
"1908",4,4,NA,4,2
"1909",4,4,4,4,2
"1910",2,5,3,3,2
"1911",2,5,3,3,2
"1912",2,4,2,4,3
"1913",3,2,3,2,5
"1914",2,2,1,1,5
"1915",1,2,3,1,2
"1916",2,6,2,1,2
"1917",2,6,2,6,1
"1918",5,2,1,1,1
"1919",6,6,6,6,6
"1920",2,3,4,2,1
"1921",1,1,5,3,2
"1922",3,6,5,NA,1
"1923",1,1,3,2,2
"1924",5,3,3,3,2
"1925",6,6,4,2,5
"1926",4,1,5,4,1
"1927",5,5,4,3,1
"1928",4,4,6,3,1
"1929",6,6,6,6,6
"1930",5,5,3,4,4
"1931",3,3,2,3,3
"1932",6,1,1,1,1
"1933",4,5,2,5,3
"1934",3,4,4,2,5
"1935",2,3,3,4,2
"1936",4,2,3,4,4
"1937",4,4,5,4,1
"1938",5,2,6,6,6
"1939",5,5,5,5,3
"1940",5,5,5,4,5
"1941",4,1,2,2,5
"1942",6,6,6,6,6
"1943",3,4,5,5,5
"1944",5,2,2,4,4
"1945",3,2,2,1,1
"1946",3,3,3,2,3
"1947",1,2,4,4,4
"1948",1,3,1,1,1
"1949",3,4,4,4,2
"1950",3,5,4,5,5
"1951",1,1,1,1,1
"1952",2,2,2,1,2
"1953",4,4,5,3,5
"1954",3,3,3,3,2
"1955",2,4,2,1,1
"1956",1,1,1,1,1
"1957",6,6,5,1,1
"1958",5,4,5,5,2
"1959",1,1,4,5,6
"1960",6,5,4,4,2
"1961",2,5,3,5,4
"1962",3,4,1,1,1
"1963",2,4,2,1,1
"1964",6,6,6,6,6
"1965",4,3,2,3,1
"1966",4,4,4,1,1
"1967",4,4,2,2,1
"1968",2,6,2,2,4
"1969",3,5,2,2,3
"1970",2,3,4,3,2
"1971",5,5,2,4,2
"1972",1,2,2,2,2
"1973",6,6,6,1,1
"1974",2,4,3,4,5
"1975",4,4,3,5,4
"1976",1,1,1,1,1
"1977",3,NA,6,5,2
"1978",3,4,1,3,2
"1979",4,4,2,3,1
"1980",5,4,3,3,4
"1981",3,2,2,4,6
"1982",5,5,2,2,2
"1983",2,4,1,2,2
"1984",2,4,2,2,1
"1985",3,3,3,3,3
"1986",6,6,6,5,6
"1987",4,4,4,5,6
"1988",5,6,4,4,3
"1989",1,1,1,1,NA
"1990",4,3,2,2,2
"1991",2,4,2,2,1
"1992",2,4,3,5,5
"1993",2,4,2,3,3
"1994",5,5,6,5,6
"1995",4,5,2,2,4
"1996",2,4,4,4,2
"1997",4,1,2,2,2
"1998",1,1,1,1,1
"1999",1,4,2,1,1
"2000",4,5,5,5,6
"2001",6,6,6,5,6
"2002",5,5,5,4,2
"2003",1,1,1,1,4
"2004",5,5,6,5,4
"2005",4,4,4,3,2
"2006",3,4,1,2,1
"2007",1,3,2,2,3
"2008",4,4,4,4,4
"2009",2,1,1,1,2
"2010",2,2,3,4,4
"2011",5,5,3,3,1
"2012",2,2,2,1,2
"2013",3,2,4,4,4
"2014",5,4,3,2,5
"2015",1,2,1,1,1
"2016",6,5,6,6,5
"2017",4,5,3,3,4
"2018",6,6,6,6,6
"2019",6,6,6,6,6
"2020",1,1,1,1,4
"2021",4,5,NA,2,4
"2022",4,3,3,2,4
"2023",3,4,4,3,4
"2024",1,3,3,4,NA
"2025",1,3,3,4,1
"2026",1,1,1,4,1
"2027",3,4,4,3,3
"2028",2,5,3,1,6
"2029",4,4,4,4,3
"2030",3,4,2,4,2
"2031",5,6,6,1,5
"2032",2,1,4,6,4
"2033",1,4,1,5,3
"2034",1,1,1,2,1
"2035",4,4,2,1,1
"2036",3,3,1,2,5
"2037",1,1,1,1,2
"2038",1,1,1,4,2
"2039",2,2,4,1,4
"2040",3,3,2,3,3
"2041",2,3,2,NA,1
"2042",2,2,2,1,3
"2043",1,1,1,1,1
"2044",3,4,4,3,4
"2045",4,5,4,2,5
"2046",3,4,3,5,2
"2047",4,4,5,4,2
"2048",5,5,6,5,2
"2049",2,2,3,5,1
"2050",4,5,4,3,3
"2051",2,4,1,1,2
"2052",2,2,4,2,2
"2053",2,2,1,2,1
"2054",1,3,3,3,6
"2055",2,5,5,4,4
"2056",2,2,2,2,2
"2057",4,NA,4,3,3
"2058",1,1,2,2,1
"2059",1,2,3,1,1
"2060",4,5,4,4,2
"2061",1,2,1,1,1
"2062",5,4,4,4,3
"2063",4,5,5,3,1
"2064",3,4,5,6,4
"2065",5,4,4,4,4
"2066",5,5,5,3,3
"2067",6,4,3,4,1
"2068",2,2,2,2,1
"2069",2,4,2,1,4
"2070",2,4,3,1,2
"2071",4,6,4,1,1
"2072",3,3,3,4,4
"2073",2,3,2,4,4
"2074",3,4,2,4,1
"2075",5,6,4,2,5
"2076",1,1,1,4,6
"2077",4,3,5,4,4
"2078",1,1,1,2,4
"2079",5,4,6,2,4
"2080",5,5,4,2,3
"2081",1,3,2,2,2
"2082",6,5,5,5,6
"2083",3,2,4,4,5
"2084",3,3,3,4,2
"2085",1,1,5,5,4
"2086",5,2,6,6,2
"2087",3,5,4,6,6
"2088",1,3,2,5,4
"2089",5,5,5,4,NA
"2090",1,1,1,5,1
"2091",4,4,6,5,5
"2092",6,6,6,6,6
"2093",4,4,5,4,5
"2094",4,4,5,2,6
"2095",4,5,6,4,4
"2096",1,2,2,3,1
"2097",2,2,4,1,4
"2098",3,2,1,3,2
"2099",5,4,5,5,5
"2100",1,1,1,2,1
"2101",5,6,5,4,4
"2102",2,3,3,2,5
"2103",5,5,4,5,5
"2104",5,6,5,5,5
"2105",2,6,5,6,5
"2106",2,3,1,2,2
"2107",4,6,4,5,1
"2108",1,1,1,6,1
"2109",2,2,2,2,1
"2110",3,4,4,6,5
"2111",1,1,1,5,1
"2112",4,4,2,2,2
"2113",4,4,2,2,2
"2114",3,4,3,3,4
"2115",5,6,6,4,6
"2116",1,2,1,3,2
"2117",3,4,5,3,4
"2118",4,5,4,2,5
"2119",2,3,2,2,5
"2120",1,2,2,2,1
"2121",2,2,4,4,2
"2122",4,3,2,2,1
"2123",4,6,2,2,2
"2124",4,4,5,5,3
"2125",2,2,5,4,4
"2126",1,5,2,1,1
"2127",1,2,2,2,2
"2128",3,3,4,3,5
"2129",2,4,2,4,3
"2130",2,4,4,2,2
"2131",5,5,5,4,3
"2132",1,1,1,2,1
"2133",3,2,2,2,5
"2134",1,1,1,3,2
"2135",1,2,4,2,5
"2136",1,4,3,4,4
"2137",1,2,4,3,2
"2138",3,3,4,4,1
"2139",4,4,5,5,6
"2140",2,4,2,4,2
"2141",2,5,2,5,4
"2142",2,2,4,6,1
"2143",2,4,4,2,5
"2144",2,2,1,3,1
"2145",2,3,3,2,2
"2146",5,5,4,3,4
"2147",3,4,4,3,3
"2148",1,2,2,2,NA
"2149",5,6,5,3,1
"2150",2,2,2,2,3
"2151",6,6,1,1,1
"2152",1,4,1,2,1
"2153",1,3,1,1,2
"2154",1,2,1,2,4
"2155",1,3,5,4,4
"2156",2,2,3,2,5
"2157",5,4,2,6,5
"2158",3,4,5,5,2
"2159",4,5,4,4,3
"2160",1,1,1,1,1
"2161",1,2,1,2,1
"2162",4,6,5,6,6
"2163",1,2,4,5,1
"2164",2,1,4,1,1
"2165",2,2,1,2,2
"2166",6,5,5,3,1
"2167",1,1,1,1,3
"2168",3,4,4,4,4
"2169",2,2,2,3,1
"2170",3,5,4,4,4
"2171",5,5,5,4,2
"2172",2,3,4,4,2
"2173",2,2,2,1,4
"2174",2,3,4,5,2
"2175",2,5,4,2,4
"2176",4,NA,4,2,1
"2177",1,2,1,2,4
"2178",3,4,4,3,4
"2179",1,1,1,5,1
"2180",1,2,1,1,2
"2181",4,4,2,3,2
"2182",4,4,4,4,4
"2183",4,4,3,2,5
"2184",2,3,5,5,4
"2185",2,4,4,5,2
"2186",2,3,4,5,3
"2187",3,3,1,1,2
"2188",1,6,1,1,6
"2189",5,6,6,4,6
"2190",6,6,5,6,6
"2191",4,4,3,4,2
"2192",1,1,1,1,1
"2193",1,2,1,2,1
"2194",1,2,3,2,1
"2195",3,4,1,2,3
"2196",3,3,1,3,2
"2197",3,4,1,3,4
"2198",1,3,2,2,3
"2199",1,2,2,2,2
"2200",5,5,3,6,5
"2201",2,5,1,2,1
"2202",1,2,5,2,2
"2203",2,2,1,1,2
"2204",2,1,1,2,1
"2205",3,5,5,4,6
"2206",2,3,5,4,2
"2207",3,4,4,4,3
"2208",2,2,2,5,1
"2209",1,2,3,2,3
"2210",2,2,2,2,3
"2211",6,1,5,4,3
"2212",1,3,3,3,4
"2213",5,5,5,5,5
"2214",2,3,2,1,2
"2215",2,NA,2,4,4
"2216",3,5,5,4,4
"2217",1,1,1,2,6
"2218",2,4,4,2,2
"2219",3,4,3,1,3
"2220",1,1,1,1,1
"2221",1,2,2,2,1
"2222",1,2,2,2,1
"2223",1,2,2,2,1
"2224",1,2,2,2,1
"2225",3,3,5,6,2
"2226",5,4,1,4,2
"2227",1,2,2,1,1
"2228",4,4,3,2,1
"2229",3,4,4,2,2
"2230",1,5,1,6,5
"2231",5,4,1,4,5
"2232",4,4,4,4,3
"2233",4,4,4,3,4
"2234",1,3,4,5,3
"2235",5,5,5,5,4
"2236",3,4,3,3,3
"2237",5,2,4,4,2
"2238",2,2,1,1,2
"2239",2,2,2,1,2
"2240",3,4,2,1,1
"2241",4,5,5,5,2
"2242",2,3,2,4,5
"2243",4,4,4,3,4
"2244",3,4,5,3,2
"2245",2,2,5,2,3
"2246",2,4,5,3,1
"2247",3,3,2,4,2
"2248",1,4,4,1,2
"2249",2,2,2,2,2
"2250",5,4,5,3,2
"2251",2,2,1,4,3
"2252",2,2,4,1,1
"2253",1,1,1,2,1
"2254",1,3,3,3,5
"2255",1,1,1,1,3
"2256",2,4,2,1,2
"2257",5,5,3,2,4
"2258",2,2,2,2,2
"2259",1,1,1,1,1
"2260",3,5,2,2,2
"2261",1,3,3,2,2
"2262",4,5,3,6,4
"2263",1,2,1,3,2
"2264",1,2,3,6,2
"2265",5,4,4,4,5
"2266",3,4,2,6,5
"2267",4,5,6,2,4
"2268",1,2,1,2,2
"2269",1,1,1,1,1
"2270",1,1,1,1,1
"2271",2,2,1,2,4
"2272",1,5,5,2,1
"2273",4,5,6,4,5
"2274",3,2,4,3,4
"2275",2,2,2,3,4
"2276",4,5,3,4,6
"2277",2,3,3,2,4
"2278",1,2,2,2,5
"2279",3,2,3,4,2
"2280",2,2,2,3,4
"2281",3,5,2,2,4
"2282",4,5,2,4,4
"2283",2,3,3,1,2
"2284",2,1,1,1,6
"2285",6,5,6,6,6
"2286",3,4,2,2,1
"2287",2,2,1,1,1
"2288",1,1,1,1,1
"2289",1,4,4,4,3
"2290",2,5,1,1,1
"2291",1,4,1,1,2
"2292",1,2,3,4,1
"2293",4,5,5,6,5
"2294",4,2,2,3,1
"2295",3,3,5,2,3
"2296",4,5,5,4,5
"2297",2,2,2,1,4
"2298",2,2,1,2,2
"2299",2,4,3,1,4
"2300",2,4,1,1,3
"2301",3,3,4,4,4
"2302",2,2,3,3,6
"2303",4,4,2,2,2
"2304",3,2,3,2,5
"2305",1,1,1,1,2
"2306",4,4,5,5,4
"2307",NA,4,6,NA,NA
"2308",1,1,1,1,3
"2309",1,4,2,5,3
"2310",2,4,2,4,3
"2311",2,3,2,6,6
"2312",2,2,6,3,1
"2313",1,1,1,1,1
"2314",2,3,2,3,2
"2315",6,6,5,4,1
"2316",5,5,6,4,2
"2317",5,6,4,6,6
"2318",4,4,3,6,5
"2319",4,6,4,4,4
"2320",1,2,2,1,1
"2321",3,5,3,3,4
"2322",1,1,1,1,2
"2323",5,5,4,5,5
"2324",6,6,6,1,4
"2325",5,5,5,6,6
"2326",5,5,4,5,4
"2327",5,6,6,5,6
"2328",2,4,2,3,5
"2329",2,2,2,NA,5
"2330",2,3,4,5,4
"2331",3,4,5,4,4
"2332",2,5,2,2,3
"2333",1,2,2,2,4
"2334",2,4,4,5,3
"2335",2,2,5,4,3
"2336",3,4,5,2,3
"2337",2,2,2,2,2
"2338",2,3,4,2,3
"2339",2,4,4,4,4
"2340",5,6,4,5,4
"2341",4,4,5,6,1
"2342",2,3,2,3,1
"2343",2,4,2,4,4
"2344",5,4,2,1,1
"2345",5,6,4,5,6
"2346",6,6,6,6,6
"2347",4,5,4,2,4
"2348",2,2,4,3,2
"2349",2,2,3,2,1
"2350",NA,5,6,5,5
"2351",2,4,2,5,5
"2352",2,2,2,2,1
"2353",6,6,4,5,5
"2354",3,4,3,4,3
"2355",1,2,1,2,2
"2356",4,5,4,4,6
"2357",2,3,1,1,1
"2358",4,4,5,3,2
"2359",3,4,3,3,4
"2360",4,5,1,2,6
"2361",1,1,2,2,2
"2362",3,3,3,4,1
"2363",1,1,1,1,1
"2364",3,3,4,4,2
"2365",2,2,2,4,6
"2366",2,3,2,NA,3
"2367",2,2,2,2,2
"2368",4,4,4,4,2
"2369",4,5,5,3,4
"2370",2,2,1,5,2
"2371",2,2,2,1,4
"2372",2,4,3,2,5
"2373",5,4,5,3,1
"2374",4,3,2,3,4
"2375",3,5,2,5,6
"2376",5,5,3,2,4
"2377",4,4,4,4,4
"2378",4,4,5,2,3
"2379",2,4,4,3,3
"2380",4,4,3,3,4
"2381",4,4,2,2,4
"2382",4,5,2,2,6
"2383",1,1,2,2,2
"2384",5,6,6,6,6
"2385",2,5,5,4,4
"2386",2,2,3,1,2
"2387",3,4,6,4,3
"2388",3,4,4,3,3
"2389",2,2,2,4,6
"2390",4,5,5,5,5
"2391",1,4,2,2,1
"2392",2,4,4,6,5
"2393",4,5,6,4,5
"2394",3,4,5,4,5
"2395",4,4,2,2,2
"2396",1,3,3,5,6
"2397",2,3,2,3,5
"2398",5,5,5,4,2
"2399",3,3,4,4,4
"2400",2,5,1,4,1
"2401",1,4,2,1,4
"2402",3,5,5,4,4
"2403",2,2,4,2,4
"2404",1,3,2,4,1
"2405",2,2,2,1,1
"2406",2,2,3,6,2
"2407",4,5,4,2,2
"2408",1,1,1,4,3
"2409",3,4,6,6,3
"2410",5,4,1,1,5
"2411",6,6,6,5,1
"2412",3,4,5,4,2
"2413",2,1,1,4,3
"2414",2,2,4,2,3
"2415",1,5,3,5,2
"2416",4,5,5,5,4
"2417",1,3,3,2,2
"2418",1,4,4,2,5
"2419",1,2,6,3,4
"2420",2,4,1,1,1
"2421",5,2,6,4,2
"2422",2,2,5,4,4
"2423",5,5,6,6,2
"2424",5,5,2,2,1
"2425",1,1,1,4,1
"2426",3,4,3,5,2
"2427",1,1,1,1,1
"2428",1,1,1,5,1
"2429",5,6,6,6,6
"2430",4,5,5,4,4
"2431",1,2,1,2,1
"2432",2,2,1,1,1
"2433",4,5,5,3,1
"2434",4,5,4,1,2
"2435",1,1,1,2,4
"2436",1,2,4,4,6
"2437",2,2,1,2,2
"2438",1,6,2,2,3
"2439",1,1,1,2,2
"2440",2,2,3,2,1
"2441",1,1,1,2,2
"2442",2,4,2,2,3
"2443",1,1,1,1,3
"2444",1,2,1,2,1
"2445",2,4,2,3,1
"2446",3,5,4,3,3
"2447",5,6,5,4,2
"2448",3,4,5,NA,4
"2449",2,3,5,2,3
"2450",2,2,2,4,3
"2451",4,4,5,3,4
"2452",2,2,6,4,2
"2453",4,5,6,3,4
"2454",2,4,1,2,1
"2455",4,4,3,2,1
"2456",3,3,5,5,2
"2457",4,3,3,2,4
"2458",4,4,2,2,2
"2459",3,4,4,2,5
"2460",2,4,3,3,3
"2461",2,2,4,3,2
"2462",2,4,5,5,3
"2463",5,4,5,5,6
"2464",2,3,2,5,2
"2465",4,4,4,6,5
"2466",1,1,1,2,2
"2467",3,4,4,4,4
"2468",3,2,3,3,1
"2469",3,3,3,2,4
"2470",2,4,4,5,3
"2471",2,2,1,3,4
"2472",6,6,5,6,5
"2473",6,6,4,4,1
"2474",1,2,3,6,2
"2475",1,1,1,1,1
"2476",6,6,6,5,6
"2477",2,2,2,2,1
"2478",4,4,4,5,4
"2479",2,NA,1,1,1
"2480",4,5,6,4,5
"2481",5,5,5,6,5
"2482",6,5,5,6,1
"2483",5,5,5,4,5
"2484",4,4,3,4,5
"2485",4,4,4,4,5
"2486",1,3,1,2,1
"2487",1,2,2,4,3
"2488",1,2,4,5,NA
"2489",1,2,4,5,2
"2490",6,6,6,6,5
"2491",4,5,2,4,4
"2492",2,2,2,2,2
"2493",4,4,4,4,3
"2494",1,2,3,2,2
"2495",4,5,4,3,5
"2496",2,2,1,1,1
"2497",1,1,4,4,2
"2498",2,2,2,2,NA
"2499",2,4,2,1,3
"2500",2,4,2,2,1
"2501",6,6,2,2,2
"2502",1,3,1,4,4
"2503",5,3,3,3,4
"2504",3,4,4,4,5
"2505",5,4,4,NA,3
"2506",3,3,3,3,2
"2507",4,5,2,3,1
"2508",5,4,6,4,4
"2509",2,3,3,4,3
"2510",4,4,2,3,5
"2511",1,1,1,2,2
"2512",5,5,5,4,5
"2513",4,3,4,1,2
"2514",2,2,2,2,4
"2515",1,1,1,1,1
"2516",1,2,1,3,1
"2517",3,2,3,5,3
"2518",3,1,4,6,6
"2519",3,4,2,4,2
"2520",5,5,6,6,5
"2521",5,5,4,4,5
"2522",3,2,1,5,2
"2523",2,4,4,1,1
"2524",5,5,6,5,6
"2525",2,2,2,6,3
"2526",4,4,5,5,4
"2527",1,1,1,1,1
"2528",2,2,2,1,1
"2529",1,4,5,6,6
"2530",1,1,1,1,1
"2531",1,2,4,3,4
"2532",3,4,5,4,5
"2533",3,5,2,1,1
"2534",5,1,2,2,1
"2535",3,3,5,2,5
"2536",5,6,4,2,2
"2537",4,3,4,4,4
"2538",5,5,4,4,4
"2539",3,3,4,4,4
"2540",3,3,4,4,4
"2541",5,5,6,4,5
"2542",3,4,3,5,4
"2543",4,NA,5,4,1
"2544",1,4,3,6,1
"2545",3,4,1,1,1
"2546",2,2,3,4,3
"2547",3,4,5,2,5
"2548",1,2,1,2,6
"2549",1,2,1,5,4
"2550",2,4,2,2,2
"2551",1,2,1,1,1
"2552",2,5,4,2,2
"2553",5,5,6,NA,4
"2554",2,4,6,4,6
"2555",2,2,2,5,4
"2556",1,4,2,1,1
"2557",4,5,4,5,1
"2558",1,2,2,5,2
"2559",4,4,3,2,4
"2560",6,6,6,6,6
"2561",2,2,1,1,2
"2562",2,2,3,3,3
"2563",1,1,1,1,2
"2564",2,4,5,5,1
"2565",6,4,5,3,6
"2566",4,4,4,2,1
"2567",3,3,4,2,4
"2568",1,1,4,4,1
"2569",2,2,2,1,3
"2570",4,1,3,1,6
"2571",2,2,2,3,1
"2572",1,1,1,1,1
"2573",4,3,2,2,3
"2574",3,2,2,4,4
"2575",6,6,4,2,1
"2576",1,4,3,2,1
"2577",4,3,4,4,3
"2578",6,6,5,5,1
"2579",1,4,5,4,3
"2580",4,4,4,2,1
"2581",1,4,2,1,1
"2582",1,2,1,1,2
"2583",1,1,1,1,1
"2584",1,2,1,1,2
"2585",1,2,2,3,2
"2586",6,4,5,3,6
"2587",1,4,1,1,4
"2588",2,2,5,5,1
"2589",1,2,1,NA,1
"2590",5,5,3,4,5
"2591",4,2,3,3,6
"2592",6,6,6,6,2
"2593",6,4,3,4,4
"2594",3,3,3,2,3
"2595",1,1,4,2,1
"2596",1,1,2,2,3
"2597",2,2,4,2,5
"2598",6,6,6,1,4
"2599",4,3,4,5,1
"2600",5,3,3,2,4
"2601",1,3,4,1,3
"2602",6,6,6,5,4
"2603",2,2,2,3,3
"2604",6,6,6,3,1
"2605",2,3,3,2,2
"2606",6,6,4,6,1
"2607",6,6,5,2,6
"2608",4,4,3,4,2
"2609",3,2,3,6,5
"2610",5,6,6,5,5
"2611",4,5,4,6,4
"2612",6,6,6,6,4
"2613",3,2,4,2,4
"2614",4,6,6,NA,5
"2615",3,5,6,4,3
"2616",4,4,5,3,4
"2617",5,5,2,1,2
"2618",4,3,5,3,4
"2619",6,6,1,1,2
"2620",5,4,3,NA,4
"2621",2,2,2,1,2
"2622",4,2,4,5,3
"2623",2,4,5,3,4
"2624",1,4,1,1,1
"2625",2,4,2,5,3
"2626",6,6,5,6,2
"2627",1,1,4,3,4
"2628",6,5,4,5,3
"2629",3,4,2,1,1
"2630",1,1,2,1,2
"2631",1,4,5,3,3
"2632",5,5,2,4,4
"2633",4,5,1,1,2
"2634",1,1,1,5,1
"2635",1,4,3,2,4
"2636",3,3,2,2,1
"2637",4,2,3,4,3
"2638",4,3,3,1,2
"2639",2,6,5,3,2
"2640",3,3,3,1,6
"2641",1,1,2,1,1
"2642",4,4,6,4,5
"2643",1,4,6,4,4
"2644",NA,5,6,4,NA
"2645",2,2,1,2,1
"2646",5,5,4,2,1
"2647",3,4,4,4,3
"2648",5,5,1,4,1
"2649",2,4,1,2,2
"2650",5,4,4,5,1
"2651",1,3,3,1,1
"2652",5,6,5,5,5
"2653",1,1,1,1,6
"2654",1,1,2,1,2
"2655",4,5,1,4,2
"2656",2,3,2,2,2
"2657",1,1,1,1,NA
"2658",4,5,5,4,2
"2659",5,6,6,5,3
"2660",1,1,1,1,1
"2661",1,1,1,1,6
"2662",3,4,4,2,3
"2663",5,3,4,4,2
"2664",2,2,3,2,1
"2665",3,3,4,2,4
"2666",4,5,4,4,6
"2667",2,2,2,1,2
"2668",3,3,2,3,1
"2669",4,5,6,5,6
"2670",4,4,5,5,3
"2671",4,4,5,4,4
"2672",6,6,3,3,6
"2673",2,3,4,3,4
"2674",2,4,3,4,2
"2675",2,4,3,3,1
"2676",2,2,3,3,3
"2677",1,1,3,2,1
"2678",4,3,2,3,3
"2679",3,4,3,6,4
"2680",4,4,3,1,3
"2681",6,4,5,4,2
"2682",3,4,4,3,4
"2683",4,4,2,2,1
"2684",1,2,2,4,2
"2685",2,2,3,2,2
"2686",2,2,2,1,1
"2687",1,1,1,1,2
"2688",3,4,2,6,5
"2689",3,3,1,3,2
"2690",1,2,3,3,5
"2691",3,4,2,4,1
"2692",5,6,6,6,1
"2693",1,1,1,1,1
"2694",4,5,1,4,1
"2695",4,4,5,6,2
"2696",3,5,5,5,5
"2697",2,4,3,1,3
"2698",4,5,2,5,4
"2699",1,1,1,1,1
"2700",2,1,3,5,1
"2701",2,2,5,2,5
"2702",NA,4,3,6,NA
"2703",4,4,4,6,4
"2704",4,4,4,6,4
"2705",5,5,4,5,6
"2706",3,4,NA,4,3
"2707",2,3,4,4,2
"2708",4,NA,5,4,3
"2709",2,2,3,3,3
"2710",1,1,1,1,2
"2711",4,4,3,3,3
"2712",1,1,1,1,1
"2713",1,1,2,5,2
"2714",3,6,5,4,4
"2715",5,5,5,3,2
"2716",4,5,5,6,6
"2717",3,4,NA,1,2
"2718",5,3,4,2,5
"2719",5,4,2,5,5
"2720",2,4,3,4,2
"2721",3,3,3,3,3
"2722",6,6,6,5,6
"2723",4,5,3,6,2
"2724",3,6,1,NA,1
"2725",3,4,3,2,5
"2726",4,4,4,4,2
"2727",4,5,5,2,4
"2728",2,2,3,4,2
"2729",2,3,2,3,3
"2730",1,2,2,3,2
"2731",5,5,6,6,5
"2732",5,5,5,5,2
"2733",5,5,5,6,6
"2734",2,2,2,NA,2
"2735",3,3,4,5,5
"2736",6,5,5,6,1
"2737",2,2,6,5,4
"2738",2,3,3,4,2
"2739",2,2,2,1,3
"2740",3,2,1,1,1
"2741",2,4,1,2,2
"2742",4,5,5,2,6
"2743",1,1,1,5,1
"2744",3,4,4,4,4
"2745",4,6,5,5,1
"2746",1,1,1,4,2
"2747",2,6,4,5,5
"2748",1,4,4,6,2
"2749",3,3,1,NA,3
"2750",6,6,1,1,1
"2751",6,6,6,6,6
"2752",3,4,3,4,4
"2753",4,4,2,4,2
"2754",2,3,1,2,2
"2755",2,2,2,3,1
"2756",2,2,4,5,3
"2757",1,1,1,1,1
"2758",4,5,3,2,1
"2759",4,5,4,3,4
"2760",5,5,4,3,4
"2761",3,4,3,5,6
"2762",4,4,4,4,2
"2763",1,4,2,1,1
"2764",2,4,4,5,4
"2765",4,5,6,6,6
"2766",2,6,4,5,2
"2767",5,5,5,3,2
"2768",4,4,5,4,5
"2769",4,4,4,6,6
"2770",2,3,2,2,2
"2771",1,1,3,1,1
"2772",6,1,3,3,4
"2773",1,1,1,1,1
"2774",3,3,5,6,4
"2775",6,5,4,5,6
"2776",2,2,2,2,3
"2777",1,1,1,1,1
"2778",1,1,1,1,3
"2779",6,6,6,6,1
"2780",1,2,2,4,2
"2781",2,2,5,4,2
"2782",4,5,1,4,2
"2783",3,4,5,4,4
"2784",3,4,5,4,4
"2785",1,1,3,4,1
"2786",4,4,5,2,5
"2787",4,4,4,3,1
"2788",3,4,2,2,1
"2789",NA,1,4,2,4
"2790",4,4,3,2,2
"2791",1,4,5,5,2
"2792",4,4,6,6,4
"2793",5,4,5,3,4
"2794",5,6,5,5,6
"2795",4,5,3,5,2
"2796",1,1,1,NA,1
"2797",NA,3,2,3,3
"2798",3,4,3,3,1
"2799",5,5,6,4,1
"2800",1,2,2,1,1
