"","S1wantCurse","S1WantScold","S1WantShout","S2WantCurse","S2WantScold","S2WantShout","S3WantCurse","S3WantScold","S3WantShout","S4WantCurse","S4WantScold","S4WantShout","S1DoCurse","S1DoScold","S1DoShout","S2DoCurse","S2DoScold","S2DoShout","S3DoCurse","S3DoScold","S3DoShout","S4DoCurse","S4DoScold","S4DoShout","Anger","Gender"
"1",0,0,0,0,0,0,0,0,1,1,0,0,1,0,1,1,0,0,1,0,0,1,1,1,20,1
"2",0,0,0,0,0,0,0,0,0,0,0,0,0,0,0,0,0,0,1,0,0,0,0,0,11,1
"3",1,1,1,1,0,1,1,0,0,0,0,0,0,1,1,0,0,1,0,0,0,1,0,0,17,0
"4",1,1,1,1,1,1,1,0,0,0,0,0,1,1,1,1,1,1,1,0,0,0,0,0,21,0
"5",1,0,1,1,0,0,1,0,0,1,0,0,1,1,0,1,0,0,1,0,0,1,0,0,17,0
"6",1,1,0,1,0,0,1,1,1,0,0,0,1,0,0,1,0,0,1,0,0,1,1,0,21,0
"7",1,1,1,1,1,1,1,0,1,0,0,0,1,1,1,1,1,1,0,0,0,0,0,0,39,0
"8",0,0,0,0,0,0,0,0,0,0,0,0,1,0,0,1,0,0,1,0,0,1,0,0,21,0
"9",0,0,0,1,1,0,1,0,1,1,0,0,1,0,0,1,0,0,1,0,1,0,1,0,24,0
"10",1,1,1,1,1,1,1,0,1,1,1,1,1,1,1,1,1,1,0,0,0,1,1,1,16,0
"11",1,1,1,1,1,1,1,1,1,0,0,0,1,1,1,1,1,1,0,0,0,0,0,0,15,0
"12",1,1,1,1,1,1,1,0,1,0,1,1,1,1,0,1,1,0,0,1,0,1,1,0,18,0
"13",1,0,1,1,0,0,1,0,0,1,0,0,1,1,0,1,1,0,0,0,0,1,0,0,36,1
"14",1,1,1,1,1,1,1,1,1,1,0,0,1,1,1,1,1,1,1,1,0,0,1,0,22,1
"15",1,0,0,1,0,1,0,1,1,1,0,0,1,1,0,1,1,0,1,0,0,1,1,0,16,0
"16",1,0,1,1,0,1,1,0,0,1,0,0,1,1,1,0,0,0,1,0,0,1,1,0,18,0
"17",1,0,0,1,0,1,0,0,0,1,0,0,1,1,1,1,1,0,1,1,1,1,1,1,23,0
"18",1,0,1,1,0,1,1,0,1,0,0,0,1,0,1,1,0,0,0,0,0,0,0,0,16,0
"19",0,0,0,0,0,0,0,0,0,0,0,0,0,0,0,0,0,0,0,0,0,0,0,0,21,0
"20",1,1,1,1,1,1,1,0,0,1,0,0,1,0,1,1,1,0,0,0,0,0,0,0,25,0
"21",1,1,1,1,1,0,0,0,0,1,0,0,1,0,0,1,0,0,0,0,0,0,0,0,22,0
"22",1,1,1,1,1,1,1,1,1,1,1,1,1,1,1,1,1,0,1,1,0,1,1,0,15,0
"23",1,1,1,1,1,1,1,1,1,1,1,1,1,1,1,1,1,1,1,1,0,1,1,0,26,0
"24",1,0,1,1,1,0,1,1,1,1,0,0,1,0,0,0,0,0,0,0,0,0,0,0,13,0
"25",0,0,0,0,0,0,0,0,1,1,1,0,1,1,0,1,0,0,0,0,0,1,0,0,33,0
"26",0,0,0,1,0,0,1,0,0,1,0,0,0,0,0,0,0,0,0,0,0,1,0,0,17,0
"27",1,1,0,1,1,1,1,0,0,0,0,0,0,0,0,0,0,0,0,0,0,1,0,0,17,0
"28",1,1,1,1,1,1,1,1,1,0,1,1,1,1,1,0,1,1,0,0,1,0,0,1,22,0
"29",1,1,1,1,0,1,0,0,0,1,0,1,1,1,0,1,0,0,1,0,0,1,1,0,21,1
"30",1,0,1,1,0,1,0,1,1,1,0,0,1,1,1,1,1,0,1,1,0,1,1,1,17,0
"31",1,1,1,1,1,1,0,0,0,1,1,1,1,1,1,1,1,1,0,0,0,1,1,1,19,0
"32",1,1,1,1,1,0,1,1,1,1,0,1,1,1,1,1,1,0,1,0,1,1,1,1,18,1
"33",0,0,0,1,0,0,0,1,0,0,0,0,1,1,1,1,1,0,1,1,0,1,0,1,33,1
"34",1,1,1,1,0,1,0,0,0,0,0,0,1,1,1,1,0,0,0,0,0,0,0,0,19,0
"35",1,1,1,1,1,1,0,0,0,0,0,0,1,1,1,1,1,1,0,0,0,0,0,0,25,0
"36",1,1,1,1,1,1,1,1,1,1,1,0,1,1,1,1,1,1,1,1,1,1,1,0,17,0
"37",0,0,0,0,0,1,0,0,1,0,0,0,0,0,0,0,0,0,0,0,0,0,0,0,12,0
"38",0,0,0,0,0,1,0,0,0,0,0,1,1,1,1,0,0,1,0,0,0,1,0,0,14,0
"39",0,0,0,1,1,1,0,0,0,0,0,0,0,0,0,1,1,1,0,0,0,0,1,0,25,1
"40",0,0,0,0,1,0,1,0,0,0,0,0,0,0,0,0,0,0,0,0,0,0,0,0,22,1
"41",1,1,1,0,0,0,1,1,1,1,0,1,0,0,1,0,0,0,0,0,1,0,0,1,20,0
"42",0,0,0,0,0,1,1,1,1,0,0,1,0,1,1,0,0,0,0,1,0,1,0,1,25,0
"43",1,0,0,0,0,0,0,0,0,0,0,0,0,0,0,0,0,0,0,0,0,0,0,0,12,0
"44",0,0,1,0,0,0,0,0,0,1,0,0,1,0,0,1,0,0,1,0,0,1,1,0,16,0
"45",0,1,0,1,1,0,1,0,0,0,0,0,1,0,0,1,1,0,0,0,0,0,0,0,23,0
"46",1,1,1,1,1,1,1,1,0,1,1,1,1,1,1,1,1,0,0,0,0,1,1,0,19,0
"47",1,1,1,1,1,1,1,0,0,1,1,1,1,1,1,1,0,0,1,1,0,1,1,1,22,0
"48",0,0,1,0,0,0,0,0,0,1,0,0,0,0,0,0,0,0,0,0,0,0,0,0,15,0
"49",0,0,0,0,0,1,0,0,0,1,0,1,1,1,1,0,0,0,0,1,0,1,1,0,25,0
"50",1,0,1,1,1,1,0,0,0,0,0,0,1,1,1,1,1,0,1,0,0,1,0,0,35,0
"51",0,0,0,0,0,0,0,0,0,0,0,0,1,0,0,1,0,0,0,0,0,1,1,1,24,0
"52",0,0,1,1,0,1,1,0,0,1,1,1,1,1,0,0,1,1,0,1,0,1,1,1,24,0
"53",1,1,1,1,0,1,1,1,1,1,1,0,1,1,1,1,0,0,1,1,1,1,1,0,13,0
"54",1,1,1,1,1,1,0,0,0,0,0,0,1,0,0,1,1,0,1,0,0,1,0,0,26,0
"55",0,0,0,0,0,1,0,0,1,0,0,0,1,0,1,1,0,0,1,1,0,1,0,0,25,0
"56",1,1,1,1,1,1,1,1,1,1,0,1,1,1,1,1,1,1,1,1,1,1,1,1,20,0
"57",1,0,1,1,0,1,0,0,0,1,1,0,1,1,1,1,1,1,1,0,0,0,1,0,27,0
"58",1,0,1,1,0,1,1,0,1,1,1,1,1,1,0,1,1,1,0,1,1,1,1,1,19,0
"59",0,0,1,1,0,0,0,0,0,0,0,0,1,0,1,1,1,0,0,0,0,0,0,0,15,1
"60",0,0,1,0,0,1,0,0,1,0,0,1,0,0,1,0,0,0,0,0,0,0,0,0,18,0
"61",1,1,1,1,1,1,1,1,1,1,0,1,1,1,1,1,1,1,0,0,1,0,0,0,26,0
"62",1,1,1,1,1,1,1,1,1,1,1,1,1,1,1,1,1,1,0,1,0,1,1,0,26,0
"63",1,1,1,1,1,1,1,0,1,0,1,1,0,0,1,0,0,0,0,0,0,0,0,0,23,0
"64",1,0,1,1,1,1,0,0,1,1,1,1,0,1,0,0,1,1,0,0,1,1,1,1,20,0
"65",1,0,1,1,0,1,1,0,0,1,0,1,1,0,0,1,0,0,1,0,0,0,0,0,18,0
"66",0,0,1,0,0,0,0,0,0,0,1,0,1,0,0,1,0,0,1,0,0,1,1,0,30,0
"67",1,0,1,0,0,1,1,0,1,0,0,1,1,0,1,1,0,0,1,0,0,1,0,0,24,0
"68",1,1,1,1,1,1,1,1,1,1,1,1,1,1,1,1,1,1,1,1,1,1,1,1,22,0
"69",1,0,0,1,1,0,1,0,0,1,0,1,0,1,0,1,1,0,0,0,0,1,1,0,19,0
"70",1,0,1,1,0,1,1,1,1,0,0,1,0,0,0,0,0,0,0,1,0,1,0,0,13,0
"71",0,0,0,1,0,0,0,0,0,0,0,0,0,0,1,0,0,1,0,0,1,0,0,0,17,0
"72",1,0,0,1,0,1,0,0,0,1,1,1,0,1,1,1,1,1,0,0,0,0,1,1,29,0
"73",0,0,1,0,0,0,0,0,0,0,0,0,0,0,0,0,0,0,0,0,0,0,0,0,12,0
"74",1,1,1,1,1,1,1,0,0,0,0,0,0,1,0,0,1,0,0,1,0,0,0,0,19,0
"75",0,0,1,1,0,0,0,0,0,0,0,0,0,0,0,0,0,0,0,0,0,0,1,0,23,0
"76",1,0,0,1,0,0,0,0,0,0,0,1,0,0,0,0,0,0,0,0,0,0,0,1,11,0
"77",0,0,0,1,0,1,0,0,0,1,0,1,0,0,0,1,0,0,0,0,0,0,0,0,18,0
"78",1,0,0,0,0,0,0,0,0,0,0,0,0,1,0,0,0,0,0,0,0,0,0,0,22,0
"79",1,0,0,1,0,1,1,0,0,1,0,1,0,0,0,0,1,1,0,0,0,0,0,0,22,1
"80",1,0,0,1,0,0,0,0,0,1,0,0,1,1,0,1,0,0,1,1,0,1,1,0,19,1
"81",1,1,0,0,0,0,0,0,0,1,1,0,0,1,0,0,0,0,0,0,0,0,0,0,19,1
"82",1,1,1,1,1,0,1,1,0,1,1,0,1,1,1,1,1,0,1,1,0,1,1,0,21,0
"83",1,0,0,1,0,0,0,1,0,1,0,0,1,0,0,1,1,0,1,1,0,0,1,0,25,0
"84",1,0,1,1,0,0,1,0,0,1,0,0,1,0,0,0,0,0,0,0,0,1,0,0,19,0
"85",1,1,0,1,1,0,0,0,0,1,1,1,1,1,1,0,1,1,0,0,0,1,1,1,26,0
"86",0,0,0,1,0,0,0,0,0,1,0,0,0,0,0,0,0,0,0,0,0,0,0,0,18,0
"87",1,1,1,1,1,1,1,1,1,1,1,0,1,1,1,0,0,0,1,1,0,1,1,0,20,0
"88",1,1,1,1,1,0,1,0,0,1,1,1,1,1,0,1,0,0,0,0,0,1,1,1,17,0
"89",1,0,0,1,0,0,1,0,0,1,0,0,1,0,0,1,0,0,1,0,0,1,1,0,17,1
"90",1,0,0,1,0,0,0,0,0,1,0,0,0,0,0,0,0,0,0,0,0,0,0,0,16,0
"91",1,0,0,0,0,0,1,0,0,1,0,0,0,0,0,0,0,0,0,0,0,0,0,0,22,0
"92",0,0,0,0,0,0,0,0,0,0,0,0,0,0,0,0,0,0,0,0,1,0,0,0,16,0
"93",1,1,0,1,0,0,1,1,0,1,1,0,1,1,0,1,1,0,0,0,0,1,1,0,19,1
"94",1,0,0,1,0,0,1,0,0,1,0,0,0,0,0,0,0,0,0,0,0,0,0,0,20,1
"95",1,1,1,1,1,1,0,0,0,1,1,0,1,1,1,1,1,1,1,0,0,1,1,0,22,0
"96",1,1,0,1,1,0,1,0,0,1,1,0,1,1,0,1,1,0,1,0,0,1,1,0,18,0
"97",0,0,0,1,1,0,0,0,0,0,0,0,0,0,0,0,0,0,0,0,0,0,0,0,26,0
"98",1,1,1,1,0,0,0,0,0,1,1,1,1,1,1,1,0,0,0,0,0,1,1,1,23,0
"99",0,0,0,1,1,0,0,0,0,1,0,0,0,0,1,0,0,0,0,0,0,0,0,0,15,0
"100",1,0,0,1,0,0,0,0,0,1,0,0,0,0,0,0,0,0,0,0,0,1,0,0,18,0
"101",1,1,0,1,1,0,1,0,0,1,1,0,1,0,0,1,1,0,1,0,0,1,1,0,27,0
"102",0,1,0,0,1,0,0,1,0,1,0,0,0,0,0,0,0,0,0,0,0,1,0,0,21,0
"103",0,1,0,0,1,0,1,1,0,1,1,0,1,1,0,1,1,0,1,1,0,1,1,0,21,0
"104",1,1,0,1,1,0,0,1,0,0,0,0,0,1,0,0,1,0,0,0,0,0,1,0,15,0
"105",1,1,1,1,1,1,1,1,1,1,1,1,1,1,0,1,1,0,0,0,0,1,1,1,17,0
"106",1,0,0,1,0,0,1,0,0,1,0,1,1,0,0,1,0,0,0,0,0,1,0,1,15,0
"107",0,0,0,1,0,0,1,0,0,1,0,0,1,0,1,1,0,0,0,0,0,0,0,0,23,0
"108",1,1,1,1,1,1,1,1,1,1,1,0,1,1,0,1,1,0,1,1,0,1,1,0,23,0
"109",0,0,0,1,0,0,0,0,0,1,0,0,1,0,0,0,0,0,0,0,0,0,0,0,19,0
"110",1,0,0,1,0,0,0,0,0,0,0,0,0,0,0,0,0,0,0,0,0,0,0,0,21,0
"111",1,0,0,1,0,0,0,0,0,1,0,0,1,0,0,0,0,0,0,0,0,0,0,0,18,0
"112",1,0,0,1,0,0,1,0,0,1,0,0,0,0,0,0,0,0,0,0,0,0,0,0,18,0
"113",1,1,0,1,1,0,1,1,0,1,1,1,0,0,0,1,0,0,1,1,0,1,0,0,16,0
"114",1,0,0,1,1,0,1,1,0,1,1,0,1,1,0,1,0,0,0,0,0,1,1,0,20,0
"115",1,1,1,1,1,1,1,1,1,1,1,1,1,1,1,1,1,0,1,0,0,1,1,1,24,0
"116",1,1,1,1,1,1,1,1,0,1,0,0,1,1,0,1,1,1,1,0,0,0,0,0,26,0
"117",1,1,1,1,1,1,1,1,1,1,0,1,1,0,0,1,0,0,1,0,0,1,0,0,20,0
"118",1,1,1,1,1,1,1,0,0,1,0,0,1,1,0,1,1,0,0,0,0,0,0,0,22,0
"119",0,0,0,0,1,0,0,1,0,0,1,0,0,1,0,0,1,0,0,0,0,0,0,0,16,1
"120",0,0,1,1,0,1,1,0,1,1,1,1,1,0,0,1,0,0,1,0,1,1,1,1,18,1
"121",1,1,0,1,1,0,1,0,0,1,0,0,1,1,0,1,0,0,1,0,0,1,1,0,19,0
"122",1,1,1,1,1,1,1,0,0,1,0,0,1,1,1,1,0,0,1,0,0,1,0,0,25,0
"123",1,0,0,1,0,0,0,0,0,1,0,0,1,0,0,1,0,0,0,0,0,1,0,0,22,0
"124",1,1,1,1,1,1,1,1,1,1,1,1,1,1,1,1,1,1,1,1,1,1,1,1,23,1
"125",1,1,0,1,1,0,1,0,0,1,0,0,1,0,0,0,0,0,0,0,0,1,1,0,21,0
"126",1,0,1,1,0,1,1,0,0,1,0,0,1,0,1,1,0,1,1,0,0,1,0,0,13,0
"127",1,1,0,0,1,0,0,0,0,0,0,0,0,1,0,1,0,0,0,0,0,1,1,0,16,0
"128",1,1,0,1,1,1,1,0,0,1,1,0,0,0,0,1,0,0,0,0,0,1,1,0,21,0
"129",1,1,0,0,1,0,1,1,0,0,0,0,0,0,0,0,0,0,0,0,0,0,0,0,15,0
"130",1,1,0,1,1,0,1,1,0,1,1,0,1,1,0,1,1,0,1,1,0,1,1,0,23,0
"131",1,1,1,1,1,1,1,0,0,1,1,0,0,0,1,1,1,1,0,0,0,1,1,1,17,0
"132",1,1,1,1,1,1,1,1,1,1,0,0,1,1,1,1,1,1,1,1,1,1,0,0,14,0
"133",0,0,0,1,1,0,1,0,0,1,1,1,0,0,0,0,0,0,0,0,0,0,0,0,29,0
"134",0,0,0,1,0,0,0,0,0,0,1,0,0,1,0,0,0,0,0,0,0,0,0,0,24,0
"135",1,1,1,1,1,0,1,1,0,1,1,0,1,1,0,1,1,0,0,0,0,1,1,0,15,0
"136",0,0,0,1,0,0,0,0,0,1,0,1,1,0,0,0,0,0,0,0,0,1,0,0,25,0
"137",0,0,0,1,1,1,1,0,0,0,0,0,0,0,0,0,0,0,0,0,0,0,0,0,17,0
"138",0,1,0,0,0,1,1,0,0,1,0,0,1,1,1,1,0,0,1,1,0,1,1,0,17,1
"139",1,1,0,1,1,0,1,1,0,1,0,1,1,1,0,1,1,0,1,1,0,1,0,0,28,1
"140",0,0,0,1,1,0,0,0,0,0,0,0,0,0,0,1,0,0,0,0,0,0,0,0,15,0
"141",1,1,0,1,1,0,1,0,0,1,1,0,0,0,0,0,0,0,0,0,0,0,0,0,19,0
"142",1,1,0,1,1,0,1,0,0,1,1,0,1,1,1,1,1,1,1,0,0,1,1,1,26,0
"143",1,1,1,1,1,1,0,0,1,1,1,0,1,0,1,1,0,1,0,0,0,1,1,0,18,0
"144",1,1,0,1,1,0,0,0,0,1,1,0,1,1,0,0,1,0,1,0,0,1,1,0,11,0
"145",1,1,1,1,1,1,1,1,1,1,1,1,1,1,1,1,1,1,1,1,1,1,1,1,25,0
"146",1,0,0,1,1,1,1,0,0,1,1,0,1,0,0,1,0,0,1,0,0,1,0,0,28,0
"147",1,1,0,1,0,0,1,0,0,1,0,0,1,1,0,1,0,0,1,0,0,1,0,0,25,0
"148",0,1,1,1,1,1,0,0,0,1,1,0,1,0,1,1,1,1,0,0,0,1,1,0,14,0
"149",1,1,0,1,1,0,0,0,0,1,0,0,1,1,0,1,0,0,0,0,0,1,1,0,17,0
"150",0,1,0,0,0,0,0,0,0,1,0,0,1,0,1,0,0,0,0,0,0,1,0,0,18,0
"151",1,1,1,1,1,1,1,0,0,1,1,1,1,1,1,0,1,1,0,1,0,1,1,0,22,1
"152",1,1,1,1,1,1,0,0,0,1,1,0,1,1,1,1,1,1,1,0,0,0,1,0,17,0
"153",1,1,0,1,1,0,1,1,0,1,1,0,1,1,0,1,1,0,0,0,0,1,1,0,15,1
"154",1,1,0,1,1,1,1,1,0,1,0,0,1,1,0,1,1,1,1,1,0,1,0,1,16,1
"155",1,1,1,1,1,0,1,1,1,1,0,0,0,1,1,0,1,1,1,0,1,1,1,1,22,1
"156",1,0,1,0,0,1,0,0,0,1,0,0,0,0,0,0,0,0,0,0,0,0,0,0,21,0
"157",1,0,0,1,1,0,1,0,0,1,0,0,1,0,0,1,1,0,0,0,0,0,0,0,19,0
"158",1,1,0,1,0,0,1,1,0,1,1,0,1,1,0,1,1,0,1,1,0,1,1,0,21,0
"159",0,1,1,0,1,1,0,0,0,0,0,0,1,0,0,1,0,0,1,0,0,1,0,0,16,0
"160",1,1,1,1,1,1,1,1,0,1,1,1,1,1,1,1,1,1,0,0,0,1,1,0,17,0
"161",1,1,1,1,1,1,0,0,0,1,1,1,1,1,1,1,0,0,1,0,0,1,1,1,15,1
"162",1,0,0,0,0,0,1,1,1,0,0,0,1,0,0,1,0,0,1,0,0,1,0,0,27,1
"163",1,1,0,1,1,1,1,0,1,1,1,0,1,0,0,1,0,0,1,0,0,1,0,0,21,1
"164",1,1,1,0,1,0,1,1,1,1,0,0,1,0,0,1,0,0,1,0,0,1,0,0,19,0
"165",1,1,0,1,1,0,1,0,0,1,1,0,0,0,0,0,0,0,0,0,0,1,1,0,17,0
"166",1,1,0,1,1,1,1,0,0,1,1,0,1,1,0,0,0,0,1,0,0,1,1,1,21,0
"167",1,1,0,1,1,0,0,0,0,1,1,0,1,1,0,1,1,0,0,0,0,1,1,0,24,1
"168",1,0,0,1,1,1,0,0,0,1,0,0,1,0,0,1,1,0,1,0,0,1,0,0,20,0
"169",1,1,1,1,1,0,0,0,0,0,1,0,1,1,0,1,1,0,0,0,0,1,1,0,16,1
"170",1,0,0,1,1,0,0,0,0,1,1,0,1,0,0,1,0,0,1,0,0,1,0,0,14,0
"171",1,0,0,1,1,1,1,0,0,1,1,1,0,0,0,0,0,0,0,0,0,1,0,0,14,0
"172",1,0,0,1,1,0,1,1,1,1,1,0,1,1,1,1,1,0,1,0,1,1,0,0,20,1
"173",0,1,0,1,1,0,0,0,0,1,1,0,1,0,0,1,1,0,0,0,0,1,0,0,23,0
"174",0,0,1,0,0,1,1,0,0,1,0,1,0,0,0,1,0,1,1,0,0,1,0,0,23,1
"175",1,1,1,1,1,1,1,0,0,0,0,0,1,1,1,1,0,1,0,0,1,1,0,0,23,0
"176",1,0,1,1,1,1,1,1,0,1,1,1,1,1,0,1,1,0,1,0,0,1,0,0,23,0
"177",1,1,1,1,1,1,1,1,1,1,1,1,1,1,1,1,1,1,1,1,1,1,1,0,18,1
"178",0,0,1,0,0,1,0,0,1,1,1,1,1,0,0,1,0,0,0,0,0,1,0,0,22,0
"179",0,0,1,1,0,1,0,1,1,1,0,1,1,0,1,1,0,1,1,0,0,1,0,1,20,0
"180",1,1,0,1,1,1,1,1,0,1,1,1,0,1,1,1,1,1,0,0,0,1,0,0,23,0
"181",0,0,1,1,0,0,1,0,0,0,0,0,0,0,0,1,0,0,0,0,0,0,0,0,16,1
"182",1,0,0,1,0,0,1,0,0,1,1,0,1,0,0,1,0,0,0,0,0,1,1,0,18,0
"183",1,1,0,1,1,0,1,0,0,1,1,0,1,1,0,1,0,0,1,0,0,1,1,0,12,0
"184",1,1,0,1,1,0,1,0,0,1,0,1,1,1,0,1,1,0,0,0,0,1,0,1,17,0
"185",0,0,0,0,0,1,0,0,0,0,0,1,0,0,0,0,0,0,1,0,0,1,0,0,21,0
"186",0,0,0,1,1,1,0,0,0,0,0,0,0,1,0,1,1,0,0,0,0,0,1,0,21,0
"187",0,1,0,1,1,1,0,0,0,1,1,0,1,1,0,1,1,0,0,0,0,1,1,1,16,0
"188",0,1,0,1,1,1,0,0,0,1,1,0,1,1,0,1,1,0,1,0,0,1,1,0,19,1
"189",1,1,0,1,1,0,0,0,0,1,1,0,1,1,0,1,1,0,1,0,0,1,1,0,19,1
"190",1,0,0,1,0,0,1,0,0,1,0,0,1,0,0,1,0,0,0,0,0,1,0,0,13,1
"191",0,0,0,0,0,0,1,0,0,0,0,0,0,0,1,1,0,0,0,0,0,1,0,0,31,1
"192",1,0,0,1,1,1,0,0,0,1,1,0,1,0,0,1,1,0,0,0,0,1,1,0,23,0
"193",1,1,1,1,1,1,0,0,0,0,0,0,1,1,1,1,1,1,0,0,0,1,1,0,25,0
"194",1,1,1,1,1,1,0,0,0,1,0,0,1,0,0,0,0,0,0,0,0,1,0,0,19,0
"195",1,1,1,1,1,1,1,1,1,1,1,1,1,1,1,1,1,1,1,1,1,1,1,1,11,0
"196",0,0,1,0,0,0,0,0,0,0,0,1,1,1,0,1,1,0,0,0,0,1,1,0,28,0
"197",0,0,0,1,0,0,0,0,0,0,1,0,0,1,0,0,1,0,0,0,0,0,1,0,27,0
"198",0,0,0,0,0,0,0,0,0,1,1,0,1,1,0,0,1,0,0,1,0,1,1,0,16,1
"199",0,0,0,1,1,0,0,0,0,0,1,0,1,1,0,1,1,0,0,1,0,0,0,0,16,1
"200",0,0,1,0,0,1,0,0,1,0,0,1,1,1,0,1,1,0,1,0,0,1,0,0,16,0
"201",1,1,1,1,1,1,1,1,1,1,1,1,1,1,1,0,0,0,0,0,0,1,1,1,13,0
"202",1,1,1,0,1,0,1,0,0,1,1,0,1,1,1,1,1,0,0,0,0,1,1,0,21,1
"203",1,1,1,1,1,0,1,1,0,1,1,0,1,1,1,1,1,0,1,1,0,1,1,0,19,1
"204",1,0,0,1,0,0,1,0,0,1,0,0,1,0,0,1,0,0,1,0,0,1,0,0,20,0
"205",0,0,0,0,0,0,0,0,0,0,0,0,1,1,0,1,1,0,0,0,0,1,1,0,13,1
"206",1,1,0,1,1,0,1,0,0,1,0,0,1,0,0,1,1,0,1,0,0,1,0,0,15,1
"207",1,1,1,0,1,0,1,1,0,0,0,0,1,1,1,1,1,0,1,1,0,0,0,0,14,0
"208",0,0,0,0,0,0,1,0,0,0,0,0,1,0,0,0,0,0,0,0,0,0,0,0,15,0
"209",1,1,1,1,1,1,1,1,0,1,1,1,1,1,1,1,1,1,1,1,0,1,1,0,23,1
"210",1,1,0,1,1,0,1,1,0,1,1,0,1,1,0,1,1,0,1,1,0,1,1,0,13,1
"211",1,1,0,1,1,1,0,1,0,1,1,1,1,1,0,1,1,0,0,0,0,1,1,1,21,1
"212",1,1,1,1,1,1,0,1,0,1,1,1,1,1,1,1,1,1,1,0,1,1,1,1,19,0
"213",1,1,1,1,0,1,0,0,0,0,1,1,0,1,1,1,1,0,1,0,0,1,1,0,23,0
"214",0,0,0,0,0,0,0,0,0,0,1,0,1,1,0,1,1,0,1,0,0,1,1,0,20,1
"215",1,1,1,1,1,1,0,0,0,0,1,0,1,1,1,1,1,1,1,1,0,1,0,0,19,1
"216",1,1,0,1,0,0,0,0,0,0,0,0,1,1,0,1,0,0,0,0,0,0,0,0,14,0
"217",1,1,1,1,1,1,1,1,0,0,0,0,1,1,0,1,1,0,1,1,0,1,1,0,18,1
"218",1,1,1,1,1,1,1,1,0,1,1,1,0,0,0,1,1,0,1,1,0,1,0,0,22,1
"219",1,0,1,1,1,1,0,1,1,1,1,1,1,1,1,1,1,1,1,1,0,1,1,1,23,1
"220",1,1,1,1,1,1,1,1,0,1,1,0,1,1,1,1,1,1,1,0,0,1,1,0,24,1
"221",1,1,1,1,1,1,1,1,1,1,1,1,1,1,1,1,1,1,0,0,0,1,1,1,20,0
"222",1,1,1,1,1,1,1,1,0,1,1,1,1,1,0,1,1,1,1,1,0,1,1,1,22,0
"223",1,1,0,1,1,0,1,0,0,1,1,0,1,1,0,1,0,0,0,0,0,1,0,0,19,0
"224",1,0,0,1,1,0,1,1,0,1,0,0,1,1,1,0,0,0,0,0,0,0,0,0,19,0
"225",0,1,1,0,1,0,0,0,1,1,0,0,1,1,0,1,1,0,1,1,0,1,1,0,11,1
"226",0,0,1,1,1,1,0,0,0,1,0,0,0,0,0,1,1,1,1,0,0,1,1,0,26,0
"227",0,1,1,1,1,1,0,0,0,1,1,1,1,1,1,1,1,1,0,0,0,1,0,0,19,0
"228",1,1,1,1,1,0,1,0,0,1,0,0,1,1,1,1,1,0,1,0,0,1,0,0,11,1
"229",0,0,0,1,1,0,1,0,0,1,1,1,1,1,0,1,1,0,0,0,0,1,1,0,13,0
"230",1,1,0,1,1,1,1,1,0,1,0,1,1,1,0,1,0,0,1,0,0,1,0,1,19,0
"231",1,1,1,1,1,1,1,1,1,1,0,1,1,0,0,1,0,0,1,0,0,1,0,0,17,0
"232",0,0,1,0,0,1,0,0,1,0,0,1,0,0,0,0,0,1,0,0,0,0,0,0,16,1
"233",1,1,1,1,1,1,1,1,0,1,1,0,1,1,1,0,0,0,1,1,0,1,1,0,18,0
"234",1,1,1,1,1,1,1,1,0,1,1,0,1,1,1,1,0,1,0,0,0,1,1,0,27,1
"235",1,1,1,1,1,1,1,1,0,1,1,0,1,1,0,1,1,1,1,1,0,1,0,0,18,0
"236",0,1,0,1,0,0,0,0,0,1,0,0,1,0,0,0,1,0,0,0,0,1,0,0,17,0
"237",1,1,0,1,1,0,1,0,0,0,0,0,1,1,0,1,0,0,0,0,0,0,0,0,20,0
"238",1,1,0,1,0,0,0,0,0,1,0,0,0,0,0,0,0,0,0,0,0,0,0,0,18,0
"239",0,1,0,1,0,0,1,0,0,0,0,1,0,0,0,0,0,0,0,0,0,0,0,0,14,0
"240",0,0,0,0,0,0,0,0,0,0,0,0,0,0,0,0,0,0,0,0,0,0,0,0,17,0
"241",1,1,1,0,1,0,0,0,0,0,0,0,1,1,0,0,0,0,0,0,0,0,0,0,18,0
"242",1,1,1,1,1,1,1,1,1,1,1,0,1,1,1,1,1,1,1,1,0,0,0,0,15,0
"243",1,1,1,1,1,1,1,1,1,1,1,0,1,1,0,0,1,0,0,0,0,0,1,0,18,0
"244",1,1,1,1,1,1,0,0,0,1,1,1,1,1,1,1,1,0,0,0,0,1,1,0,27,0
"245",0,0,0,0,0,0,1,0,0,1,0,0,0,0,0,0,0,0,0,0,0,0,0,0,22,0
"246",1,1,1,1,1,0,0,0,0,0,0,0,1,1,0,1,1,1,0,0,0,0,0,0,18,0
"247",0,0,0,1,1,1,1,1,1,0,0,0,1,1,0,1,1,1,0,1,1,1,1,0,30,1
"248",1,1,0,0,0,0,0,0,0,0,0,0,0,0,0,0,0,0,0,0,0,0,0,0,13,0
"249",1,1,1,0,0,0,0,0,0,0,0,1,0,1,0,0,0,0,0,0,0,0,0,0,22,1
"250",1,1,1,1,1,1,0,1,0,1,0,0,1,1,1,1,0,0,1,1,0,0,0,0,19,0
"251",0,0,0,0,0,0,0,0,0,0,0,0,0,0,0,0,0,0,0,0,0,0,0,0,13,0
"252",1,1,1,1,1,1,1,1,0,1,1,1,1,1,1,1,1,1,1,1,0,1,1,1,34,0
"253",1,1,1,1,1,0,0,0,0,0,0,0,1,1,0,0,0,0,1,0,0,0,0,0,19,0
"254",1,0,0,1,1,0,1,1,0,1,1,0,1,0,0,1,1,0,1,0,0,1,0,0,23,1
"255",0,0,1,1,1,1,1,0,0,1,1,1,0,0,0,1,1,0,0,0,0,1,1,0,21,0
"256",1,1,0,1,1,1,0,0,0,1,0,0,0,0,0,0,1,0,0,0,0,0,0,0,18,0
"257",1,1,1,1,1,0,1,1,0,1,1,0,1,1,1,0,1,1,1,0,0,0,0,0,18,0
"258",1,0,0,1,1,1,1,1,0,0,0,0,1,0,0,1,0,0,0,0,0,0,0,0,15,1
"259",1,1,1,1,1,1,1,1,0,1,1,1,1,1,1,1,1,1,1,0,0,1,1,1,21,1
"260",0,1,1,1,1,1,1,1,1,1,1,1,1,1,1,1,1,1,1,1,0,1,1,1,26,0
"261",1,1,1,1,1,1,0,0,0,1,1,1,0,0,0,1,1,1,0,0,0,1,1,1,19,0
"262",1,1,1,1,1,1,1,1,1,1,1,1,1,1,1,1,1,1,1,1,1,1,1,1,34,0
"263",1,1,1,1,1,1,1,1,1,1,1,1,1,1,1,1,1,1,1,1,0,1,1,0,20,0
"264",1,1,1,1,1,1,1,0,0,1,1,1,1,1,1,1,1,1,1,0,0,1,1,1,21,0
"265",1,1,0,1,1,1,1,1,0,0,0,0,1,1,0,1,1,1,1,1,0,0,0,0,26,0
"266",1,1,0,1,1,1,1,1,0,1,0,0,1,1,0,1,1,0,1,0,0,1,0,0,23,0
"267",1,1,0,1,1,0,1,1,0,1,1,0,0,0,0,1,1,0,0,0,0,0,0,0,14,0
"268",0,1,1,1,1,0,0,0,0,1,0,0,1,0,0,1,0,0,0,0,0,0,0,0,23,0
"269",0,1,1,0,1,1,0,1,0,0,1,1,0,0,1,0,0,0,0,0,0,0,0,1,17,0
"270",1,1,1,1,0,0,1,1,0,0,0,0,1,0,0,0,0,0,1,0,0,0,0,0,18,0
"271",1,0,0,1,1,0,1,1,0,1,1,0,1,1,0,1,1,0,1,1,0,1,1,0,19,0
"272",1,1,1,1,1,1,1,1,1,1,1,1,1,1,1,1,1,0,1,1,0,1,0,0,25,0
"273",1,1,1,1,1,1,0,1,0,1,1,1,1,1,0,1,1,0,0,0,0,1,1,0,20,1
"274",1,1,0,1,1,0,1,1,0,1,0,0,1,1,0,1,1,0,1,1,0,1,0,0,26,0
"275",1,1,1,1,1,1,1,1,0,1,0,0,1,1,0,1,1,0,1,1,0,1,0,0,21,0
"276",1,0,0,1,0,0,1,0,0,1,0,0,1,0,0,1,0,0,1,0,0,1,0,0,15,0
"277",0,1,1,1,1,1,0,0,0,1,1,1,0,0,0,0,0,0,0,0,0,0,0,0,18,0
"278",1,1,0,1,0,0,1,1,1,1,0,0,1,0,0,0,0,0,1,1,0,0,0,0,21,0
"279",0,0,0,1,1,1,0,0,0,0,0,0,0,0,0,0,0,0,0,0,0,0,0,0,17,0
"280",0,0,0,0,0,0,1,1,0,0,0,0,1,1,0,1,0,0,0,0,0,0,1,0,15,0
"281",1,1,1,1,1,1,1,1,0,1,1,1,1,1,0,1,1,0,1,1,0,1,0,0,22,0
"282",1,1,0,1,0,0,1,1,0,1,0,0,1,1,0,0,0,0,1,0,0,0,0,0,19,1
"283",1,1,0,1,1,0,1,1,0,0,0,0,0,0,0,0,0,0,1,1,0,0,0,0,19,1
"284",1,1,1,1,1,1,1,1,0,1,1,1,1,1,0,1,1,0,0,0,0,1,1,0,18,0
"285",1,1,1,1,1,0,1,1,1,1,1,0,0,1,0,1,1,0,1,1,0,0,1,0,18,0
"286",0,1,1,1,1,0,0,0,0,1,1,0,1,1,1,1,1,0,0,1,0,1,1,0,16,1
"287",1,1,0,1,1,1,1,1,0,0,0,0,0,0,0,0,0,0,0,0,0,0,0,0,22,0
"288",1,0,1,1,1,1,1,0,1,1,1,1,1,1,0,0,0,0,1,0,0,1,0,0,19,0
"289",1,1,1,1,1,1,1,0,1,1,0,0,1,1,0,1,0,0,1,0,0,1,0,0,25,0
"290",1,0,1,1,0,0,1,1,0,1,0,0,1,1,0,0,0,0,1,0,0,0,0,0,17,1
"291",1,0,1,1,1,1,1,0,0,1,0,1,1,0,0,1,0,1,1,0,0,1,0,1,30,0
"292",1,1,1,1,1,1,1,1,0,1,1,1,0,0,0,0,0,0,0,0,0,0,0,1,29,0
"293",1,1,1,1,1,1,1,1,1,1,1,1,1,1,1,0,1,1,1,0,0,1,1,0,27,0
"294",1,1,1,1,1,1,1,0,0,1,1,1,1,1,1,1,1,1,1,0,0,1,0,1,18,0
"295",1,1,1,0,1,1,1,0,0,1,0,0,1,0,0,0,0,0,0,0,0,0,0,0,27,0
"296",0,1,0,0,1,0,0,0,0,0,0,0,0,0,0,1,1,0,0,0,0,0,0,0,31,0
"297",0,0,0,0,0,0,0,0,0,0,0,0,1,0,0,1,0,0,0,0,0,1,1,0,19,0
"298",0,0,0,0,0,0,0,0,0,0,0,0,1,1,0,1,1,1,1,0,0,1,0,0,18,1
"299",0,1,1,0,1,1,0,1,0,0,1,1,0,1,0,0,1,0,0,0,0,1,1,1,17,0
"300",1,1,0,1,1,0,1,0,0,1,0,0,0,1,1,0,1,0,0,1,1,0,0,0,15,0
"301",1,1,0,1,1,0,1,0,0,1,0,0,0,0,0,0,0,0,0,0,0,0,0,0,20,0
"302",0,1,0,0,1,0,1,0,0,1,0,0,1,0,0,0,0,0,0,0,0,0,0,0,24,0
"303",1,1,1,1,0,0,1,1,0,1,0,0,1,1,0,1,1,0,1,1,0,1,1,0,12,1
"304",1,1,1,0,0,0,0,1,0,0,1,0,0,0,0,1,1,0,1,1,1,0,0,0,16,1
"305",1,1,1,1,1,1,1,1,1,1,1,0,1,1,0,0,0,0,1,1,0,0,0,0,20,0
"306",1,1,1,1,1,1,1,1,0,1,1,1,1,1,1,1,1,1,1,1,1,1,1,1,33,1
"307",0,0,1,1,0,1,1,0,0,1,0,0,1,0,0,0,0,0,0,0,0,1,0,0,17,0
"308",0,1,1,1,1,1,0,1,1,1,1,1,1,1,0,0,0,0,1,0,0,0,0,0,13,0
"309",1,1,0,0,0,0,1,1,0,0,0,0,1,1,0,0,0,0,1,1,0,0,0,0,14,0
"310",1,1,0,0,0,0,1,1,1,1,0,0,1,1,1,0,0,0,1,1,0,1,0,0,23,0
"311",1,1,1,1,1,0,1,1,0,0,1,0,1,1,0,1,0,1,1,1,0,0,0,0,24,1
"312",1,1,1,1,1,1,1,0,1,0,0,0,1,1,1,1,1,1,1,0,0,0,0,0,17,1
"313",1,1,0,1,1,0,1,1,0,1,1,0,1,0,0,0,0,0,1,0,0,0,0,0,20,0
"314",0,0,0,0,0,0,0,0,0,0,0,0,0,0,0,0,0,0,0,0,0,0,0,0,25,0
"315",1,1,0,1,1,0,1,0,0,1,1,0,0,0,0,1,0,0,1,0,0,1,1,0,23,0
"316",1,1,1,1,0,1,0,0,1,0,0,0,0,0,0,0,0,0,0,0,0,0,0,0,12,0
